Workbook
Name FirmwareList: Producción!$O$2:$O$52

Sheet Producción
A1: ID Tarjeta | B1: Nombre Tarjeta | C1: MAC Address (AUTO) | D1: Firmware PCB Principal | E1: Nombre Tarjeta Respaldo | F1: MAC Address Respaldo (AUTO) | G1: Firmware PCB Respaldo | H1: Botón R3 | I1: Semana Producción | J1: Fecha Proyectada Entrega | K1: Fecha Real Entrega | L1: Gabinete | N1: Semanas | O1: CATÁLOGO DE FIRMWARE PRINCIPAL | Q1: CATÁLOGO DE FIRMWARE RESPALDO
A2: 0011 | B2: =IF(A2="","","TQT-R1-V30-"&TEXT(VALUE(A2),"0000")) -> TQT-R1-V30-0011 | C2: =IF(B2="","",IFERROR(INDEX('Catálogo PCB'!$B$3:$B$102,MATCH(B2,'Catálogo PCB'!$A$3:$A$102,0))&"","")) | E2: TQT-R2-V30-0011 | F2: =IF(E2="","",IFERROR(INDEX('Catálogo PCB'!$G$3:$G$102,MATCH(E2,'Catálogo PCB'!$F$3:$F$102,0))&"","")) | N2: 2026-W01 | O2: 2 | Q2: 2
A3: 0012 | B3: =IF(A3="","","TQT-R1-V30-"&TEXT(VALUE(A3),"0000")) -> TQT-R1-V30-0012 | C3: =IF(B3="","",IFERROR(INDEX('Catálogo PCB'!$B$3:$B$102,MATCH(B3,'Catálogo PCB'!$A$3:$A$102,0))&"","")) | E3: TQT-R2-V30-0012 | F3: =IF(E3="","",IFERROR(INDEX('Catálogo PCB'!$G$3:$G$102,MATCH(E3,'Catálogo PCB'!$F$3:$F$102,0))&"","")) | N3: 2026-W02 | O3: 3.2 | Q3: 2.1
A4: 0013 | B4: =IF(A4="","","TQT-R1-V30-"&TEXT(VALUE(A4),"0000")) -> TQT-R1-V30-0013 | C4: =IF(B4="","",IFERROR(INDEX('Catálogo PCB'!$B$3:$B$102,MATCH(B4,'Catálogo PCB'!$A$3:$A$102,0))&"","")) | E4: TQT-R2-V30-0013 | F4: =IF(E4="","",IFERROR(INDEX('Catálogo PCB'!$G$3:$G$102,MATCH(E4,'Catálogo PCB'!$F$3:$F$102,0))&"","")) | N4: 2026-W03 | O4: 3.3
A5: 0014 | B5: =IF(A5="","","TQT-R1-V30-"&TEXT(VALUE(A5),"0000")) -> TQT-R1-V30-0014 | C5: =IF(B5="","",IFERROR(INDEX('Catálogo PCB'!$B$3:$B$102,MATCH(B5,'Catálogo PCB'!$A$3:$A$102,0))&"","")) | E5: TQT-R2-V30-0014 | F5: =IF(E5="","",IFERROR(INDEX('Catálogo PCB'!$G$3:$G$102,MATCH(E5,'Catálogo PCB'!$F$3:$F$102,0))&"","")) | N5: 2026-W04 | O5: 4.0
A6: 0015 | B6: =IF(A6="","","TQT-R1-V30-"&TEXT(VALUE(A6),"0000")) -> TQT-R1-V30-0015 | C6: =IF(B6="","",IFERROR(INDEX('Catálogo PCB'!$B$3:$B$102,MATCH(B6,'Catálogo PCB'!$A$3:$A$102,0))&"","")) | E6: TQT-R2-V30-0015 | F6: =IF(E6="","",IFERROR(INDEX('Catálogo PCB'!$G$3:$G$102,MATCH(E6,'Catálogo PCB'!$F$3:$F$102,0))&"","")) | N6: 2026-W05 | O6: 4.1
A7: 0016 | B7: =IF(A7="","","TQT-R1-V30-"&TEXT(VALUE(A7),"0000")) -> TQT-R1-V30-0016 | C7: =IF(B7="","",IFERROR(INDEX('Catálogo PCB'!$B$3:$B$102,MATCH(B7,'Catálogo PCB'!$A$3:$A$102,0))&"","")) | E7: TQT-R2-V30-0016 | F7: =IF(E7="","",IFERROR(INDEX('Catálogo PCB'!$G$3:$G$102,MATCH(E7,'Catálogo PCB'!$F$3:$F$102,0))&"","")) | N7: 2026-W06 | O7: 4.2
A8: 0017 | B8: =IF(A8="","","TQT-R1-V30-"&TEXT(VALUE(A8),"0000")) -> TQT-R1-V30-0017 | C8: =IF(B8="","",IFERROR(INDEX('Catálogo PCB'!$B$3:$B$102,MATCH(B8,'Catálogo PCB'!$A$3:$A$102,0))&"","")) | E8: TQT-R2-V30-0017 | F8: =IF(E8="","",IFERROR(INDEX('Catálogo PCB'!$G$3:$G$102,MATCH(E8,'Catálogo PCB'!$F$3:$F$102,0))&"","")) | N8: 2026-W07
A9: 0019 | B9: =IF(A9="","","TQT-R1-V30-"&TEXT(VALUE(A9),"0000")) -> TQT-R1-V30-0019 | C9: =IF(B9="","",IFERROR(INDEX('Catálogo PCB'!$B$3:$B$102,MATCH(B9,'Catálogo PCB'!$A$3:$A$102,0))&"","")) | E9: TQT-R2-V30-0019 | F9: =IF(E9="","",IFERROR(INDEX('Catálogo PCB'!$G$3:$G$102,MATCH(E9,'Catálogo PCB'!$F$3:$F$102,0))&"","")) | N9: 2026-W08
A10: 0020 | B10: =IF(A10="","","TQT-R1-V30-"&TEXT(VALUE(A10),"0000")) -> TQT-R1-V30-0020 | C10: =IF(B10="","",IFERROR(INDEX('Catálogo PCB'!$B$3:$B$102,MATCH(B10,'Catálogo PCB'!$A$3:$A$102,0))&"","")) | E10: TQT-R2-V30-0020 | F10: =IF(E10="","",IFERROR(INDEX('Catálogo PCB'!$G$3:$G$102,MATCH(E10,'Catálogo PCB'!$F$3:$F$102,0))&"","")) | N10: 2026-W09
A11: 0021 | B11: =IF(A11="","","TQT-R1-V30-"&TEXT(VALUE(A11),"0000")) -> TQT-R1-V30-0021 | C11: =IF(B11="","",IFERROR(INDEX('Catálogo PCB'!$B$3:$B$102,MATCH(B11,'Catálogo PCB'!$A$3:$A$102,0))&"","")) | E11: TQT-R2-V30-0021 | F11: =IF(E11="","",IFERROR(INDEX('Catálogo PCB'!$G$3:$G$102,MATCH(E11,'Catálogo PCB'!$F$3:$F$102,0))&"","")) | N11: 2026-W10
A12: 0022 | B12: =IF(A12="","","TQT-R1-V30-"&TEXT(VALUE(A12),"0000")) -> TQT-R1-V30-0022 | C12: =IF(B12="","",IFERROR(INDEX('Catálogo PCB'!$B$3:$B$102,MATCH(B12,'Catálogo PCB'!$A$3:$A$102,0))&"","")) | E12: TQT-R2-V30-0022 | F12: =IF(E12="","",IFERROR(INDEX('Catálogo PCB'!$G$3:$G$102,MATCH(E12,'Catálogo PCB'!$F$3:$F$102,0))&"","")) | N12: 2026-W11
A13: 0023 | B13: =IF(A13="","","TQT-R1-V30-"&TEXT(VALUE(A13),"0000")) -> TQT-R1-V30-0023 | C13: =IF(B13="","",IFERROR(INDEX('Catálogo PCB'!$B$3:$B$102,MATCH(B13,'Catálogo PCB'!$A$3:$A$102,0))&"","")) | E13: TQT-R2-V30-0023 | F13: =IF(E13="","",IFERROR(INDEX('Catálogo PCB'!$G$3:$G$102,MATCH(E13,'Catálogo PCB'!$F$3:$F$102,0))&"","")) | N13: 2026-W12
A14: 0024 | B14: =IF(A14="","","TQT-R1-V30-"&TEXT(VALUE(A14),"0000")) -> TQT-R1-V30-0024 | C14: =IF(B14="","",IFERROR(INDEX('Catálogo PCB'!$B$3:$B$102,MATCH(B14,'Catálogo PCB'!$A$3:$A$102,0))&"","")) | E14: TQT-R2-V30-0024 | F14: =IF(E14="","",IFERROR(INDEX('Catálogo PCB'!$G$3:$G$102,MATCH(E14,'Catálogo PCB'!$F$3:$F$102,0))&"","")) | N14: 2026-W13
A15: 0025 | B15: =IF(A15="","","TQT-R1-V30-"&TEXT(VALUE(A15),"0000")) -> TQT-R1-V30-0025 | C15: =IF(B15="","",IFERROR(INDEX('Catálogo PCB'!$B$3:$B$102,MATCH(B15,'Catálogo PCB'!$A$3:$A$102,0))&"","")) | E15: TQT-R2-V30-0025 | F15: =IF(E15="","",IFERROR(INDEX('Catálogo PCB'!$G$3:$G$102,MATCH(E15,'Catálogo PCB'!$F$3:$F$102,0))&"","")) | N15: 2026-W14
A16: 0026 | B16: =IF(A16="","","TQT-R1-V30-"&TEXT(VALUE(A16),"0000")) -> TQT-R1-V30-0026 | C16: =IF(B16="","",IFERROR(INDEX('Catálogo PCB'!$B$3:$B$102,MATCH(B16,'Catálogo PCB'!$A$3:$A$102,0))&"","")) | E16: TQT-R2-V30-0026 | F16: =IF(E16="","",IFERROR(INDEX('Catálogo PCB'!$G$3:$G$102,MATCH(E16,'Catálogo PCB'!$F$3:$F$102,0))&"","")) | N16: 2026-W15
A17: 0027 | B17: =IF(A17="","","TQT-R1-V30-"&TEXT(VALUE(A17),"0000")) -> TQT-R1-V30-0027 | C17: =IF(B17="","",IFERROR(INDEX('Catálogo PCB'!$B$3:$B$102,MATCH(B17,'Catálogo PCB'!$A$3:$A$102,0))&"","")) | E17: TQT-R2-V30-0027 | F17: =IF(E17="","",IFERROR(INDEX('Catálogo PCB'!$G$3:$G$102,MATCH(E17,'Catálogo PCB'!$F$3:$F$102,0))&"","")) | N17: 2026-W16
A18: 0028 | B18: =IF(A18="","","TQT-R1-V30-"&TEXT(VALUE(A18),"0000")) -> TQT-R1-V30-0028 | C18: =IF(B18="","",IFERROR(INDEX('Catálogo PCB'!$B$3:$B$102,MATCH(B18,'Catálogo PCB'!$A$3:$A$102,0))&"","")) | E18: TQT-R2-V30-0028 | F18: =IF(E18="","",IFERROR(INDEX('Catálogo PCB'!$G$3:$G$102,MATCH(E18,'Catálogo PCB'!$F$3:$F$102,0))&"","")) | N18: 2026-W17
A19: 0029 | B19: =IF(A19="","","TQT-R1-V30-"&TEXT(VALUE(A19),"0000")) -> TQT-R1-V30-0029 | C19: =IF(B19="","",IFERROR(INDEX('Catálogo PCB'!$B$3:$B$102,MATCH(B19,'Catálogo PCB'!$A$3:$A$102,0))&"","")) | E19: TQT-R2-V30-0029 | F19: =IF(E19="","",IFERROR(INDEX('Catálogo PCB'!$G$3:$G$102,MATCH(E19,'Catálogo PCB'!$F$3:$F$102,0))&"","")) | N19: 2026-W18
... A101: 0130 | B101: =IF(A101="","","TQT-R1-V30-"&TEXT(VALUE(A101),"0000")) -> TQT-R1-V30-0130 | C101: =IF(B101="","",IFERROR(INDEX('Catálogo PCB'!$B$3:$B$102,MATCH(B101,'Catálogo PCB'!$A$3:$A$102,0))&"","")) | E101: TQT-R2-V30-0116 | F101: =IF(E101="","",IFERROR(INDEX('Catálogo PCB'!$G$3:$G$102,MATCH(E101,'Catálogo PCB'!$F$3:$F$102,0))&"","")) | N101: 2027-W47
N102: 2027-W48
N103: 2027-W49
N104: 2027-W50
N105: 2027-W51
N106: 2027-W52
N107: 2027-W53

Sheet Pruebas
A1: ID Tarjeta | B1: Soldadura | C1: Programación | D1: Prueba PCB | E1: Integración | F1: Prueba Final | G1: Estado | J1: ACTUALIZACIÓN MASIVA DE PRUEBAS
A2: =IF(Producción!A2="","",Producción!A2) -> 0011 | B2: {=IF($A2="","",IFERROR(LOOKUP(2,1/(($K$3:$K$200="Soldadura")*((($M$3:$M$200=$A2)+($N$3:$N$200=$A2)+($O$3:$O$200=$A2)+($P$3:$P$200=$A2)+($Q$3:$Q$200=$A2)+($R$3:$R$200=$A2)+($S$3:$S$200=$A2)+($T$3:$T$200=$A2)+($U$3:$U$200=$A2)+($V$3:$V$200=$A2)+($W$3:$W$200=$A2)+($X$3:$X$200=$A2)+($Y$3:$Y$200=$A2)+($Z$3:$Z$200=$A2)+($AA$3:$AA$200=$A2))>0)),$L$3:$L$200),"PENDIENTE"))} -> PENDIENTE | C2: {=IF($A2="","",IFERROR(LOOKUP(2,1/(($K$3:$K$200="Programación")*((($M$3:$M$200=$A2)+($N$3:$N$200=$A2)+($O$3:$O$200=$A2)+($P$3:$P$200=$A2)+($Q$3:$Q$200=$A2)+($R$3:$R$200=$A2)+($S$3:$S$200=$A2)+($T$3:$T$200=$A2)+($U$3:$U$200=$A2)+($V$3:$V$200=$A2)+($W$3:$W$200=$A2)+($X$3:$X$200=$A2)+($Y$3:$Y$200=$A2)+($Z$3:$Z$200=$A2)+($AA$3:$AA$200=$A2))>0)),$L$3:$L$200),"PENDIENTE"))} -> PENDIENTE | D2: {=IF($A2="","",IFERROR(LOOKUP(2,1/(($K$3:$K$200="Prueba PCB")*((($M$3:$M$200=$A2)+($N$3:$N$200=$A2)+($O$3:$O$200=$A2)+($P$3:$P$200=$A2)+($Q$3:$Q$200=$A2)+($R$3:$R$200=$A2)+($S$3:$S$200=$A2)+($T$3:$T$200=$A2)+($U$3:$U$200=$A2)+($V$3:$V$200=$A2)+($W$3:$W$200=$A2)+($X$3:$X$200=$A2)+($Y$3:$Y$200=$A2)+($Z$3:$Z$200=$A2)+($AA$3:$AA$200=$A2))>0)),$L$3:$L$200),"PENDIENTE"))} -> PENDIENTE | E2: {=IF($A2="","",IFERROR(LOOKUP(2,1/(($K$3:$K$200="Integración")*((($M$3:$M$200=$A2)+($N$3:$N$200=$A2)+($O$3:$O$200=$A2)+($P$3:$P$200=$A2)+($Q$3:$Q$200=$A2)+($R$3:$R$200=$A2)+($S$3:$S$200=$A2)+($T$3:$T$200=$A2)+($U$3:$U$200=$A2)+($V$3:$V$200=$A2)+($W$3:$W$200=$A2)+($X$3:$X$200=$A2)+($Y$3:$Y$200=$A2)+($Z$3:$Z$200=$A2)+($AA$3:$AA$200=$A2))>0)),$L$3:$L$200),"PENDIENTE"))} -> PENDIENTE | F2: {=IF($A2="","",IFERROR(LOOKUP(2,1/(($K$3:$K$200="Prueba Final")*((($M$3:$M$200=$A2)+($N$3:$N$200=$A2)+($O$3:$O$200=$A2)+($P$3:$P$200=$A2)+($Q$3:$Q$200=$A2)+($R$3:$R$200=$A2)+($S$3:$S$200=$A2)+($T$3:$T$200=$A2)+($U$3:$U$200=$A2)+($V$3:$V$200=$A2)+($W$3:$W$200=$A2)+($X$3:$X$200=$A2)+($Y$3:$Y$200=$A2)+($Z$3:$Z$200=$A2)+($AA$3:$AA$200=$A2))>0)),$L$3:$L$200),"PENDIENTE"))} -> PENDIENTE | G2: =IF($A2="","",IF(COUNTIF(B2:F2,"FALLA")>0,"DETENIDO",IF(COUNTIF(B2:F2,"RETRABAJO")>0,"RETRABAJO",IF(COUNTIF(B2:F2,"OK")+COUNTIF(B2:F2,"NO APLICA")=5,"LIBERADO",IF(COUNTIF(B2:F2,"PENDIENTE")=5,"PENDIENTE","EN PROCESO"))))) -> PENDIENTE | J2: Fecha | K2: Proceso | L2: Estatus | M2: ID 1 | N2: ID 2 | O2: ID 3 | P2: ID 4 | Q2: ID 5 | R2: ID 6 | S2: ID 7 | T2: ID 8 | U2: ID 9 | V2: ID 10 | W2: ID 11 | X2: ID 12 | Y2: ID 13 | Z2: ID 14 | AA2: ID 15
A3: =IF(Producción!A3="","",Producción!A3) -> 0012 | B3: {=IF($A3="","",IFERROR(LOOKUP(2,1/(($K$3:$K$200="Soldadura")*((($M$3:$M$200=$A3)+($N$3:$N$200=$A3)+($O$3:$O$200=$A3)+($P$3:$P$200=$A3)+($Q$3:$Q$200=$A3)+($R$3:$R$200=$A3)+($S$3:$S$200=$A3)+($T$3:$T$200=$A3)+($U$3:$U$200=$A3)+($V$3:$V$200=$A3)+($W$3:$W$200=$A3)+($X$3:$X$200=$A3)+($Y$3:$Y$200=$A3)+($Z$3:$Z$200=$A3)+($AA$3:$AA$200=$A3))>0)),$L$3:$L$200),"PENDIENTE"))} -> PENDIENTE | C3: {=IF($A3="","",IFERROR(LOOKUP(2,1/(($K$3:$K$200="Programación")*((($M$3:$M$200=$A3)+($N$3:$N$200=$A3)+($O$3:$O$200=$A3)+($P$3:$P$200=$A3)+($Q$3:$Q$200=$A3)+($R$3:$R$200=$A3)+($S$3:$S$200=$A3)+($T$3:$T$200=$A3)+($U$3:$U$200=$A3)+($V$3:$V$200=$A3)+($W$3:$W$200=$A3)+($X$3:$X$200=$A3)+($Y$3:$Y$200=$A3)+($Z$3:$Z$200=$A3)+($AA$3:$AA$200=$A3))>0)),$L$3:$L$200),"PENDIENTE"))} -> PENDIENTE | D3: {=IF($A3="","",IFERROR(LOOKUP(2,1/(($K$3:$K$200="Prueba PCB")*((($M$3:$M$200=$A3)+($N$3:$N$200=$A3)+($O$3:$O$200=$A3)+($P$3:$P$200=$A3)+($Q$3:$Q$200=$A3)+($R$3:$R$200=$A3)+($S$3:$S$200=$A3)+($T$3:$T$200=$A3)+($U$3:$U$200=$A3)+($V$3:$V$200=$A3)+($W$3:$W$200=$A3)+($X$3:$X$200=$A3)+($Y$3:$Y$200=$A3)+($Z$3:$Z$200=$A3)+($AA$3:$AA$200=$A3))>0)),$L$3:$L$200),"PENDIENTE"))} -> PENDIENTE | E3: {=IF($A3="","",IFERROR(LOOKUP(2,1/(($K$3:$K$200="Integración")*((($M$3:$M$200=$A3)+($N$3:$N$200=$A3)+($O$3:$O$200=$A3)+($P$3:$P$200=$A3)+($Q$3:$Q$200=$A3)+($R$3:$R$200=$A3)+($S$3:$S$200=$A3)+($T$3:$T$200=$A3)+($U$3:$U$200=$A3)+($V$3:$V$200=$A3)+($W$3:$W$200=$A3)+($X$3:$X$200=$A3)+($Y$3:$Y$200=$A3)+($Z$3:$Z$200=$A3)+($AA$3:$AA$200=$A3))>0)),$L$3:$L$200),"PENDIENTE"))} -> PENDIENTE | F3: {=IF($A3="","",IFERROR(LOOKUP(2,1/(($K$3:$K$200="Prueba Final")*((($M$3:$M$200=$A3)+($N$3:$N$200=$A3)+($O$3:$O$200=$A3)+($P$3:$P$200=$A3)+($Q$3:$Q$200=$A3)+($R$3:$R$200=$A3)+($S$3:$S$200=$A3)+($T$3:$T$200=$A3)+($U$3:$U$200=$A3)+($V$3:$V$200=$A3)+($W$3:$W$200=$A3)+($X$3:$X$200=$A3)+($Y$3:$Y$200=$A3)+($Z$3:$Z$200=$A3)+($AA$3:$AA$200=$A3))>0)),$L$3:$L$200),"PENDIENTE"))} -> PENDIENTE | G3: =IF($A3="","",IF(COUNTIF(B3:F3,"FALLA")>0,"DETENIDO",IF(COUNTIF(B3:F3,"RETRABAJO")>0,"RETRABAJO",IF(COUNTIF(B3:F3,"OK")+COUNTIF(B3:F3,"NO APLICA")=5,"LIBERADO",IF(COUNTIF(B3:F3,"PENDIENTE")=5,"PENDIENTE","EN PROCESO"))))) -> PENDIENTE
A4: =IF(Producción!A4="","",Producción!A4) -> 0013 | B4: {=IF($A4="","",IFERROR(LOOKUP(2,1/(($K$3:$K$200="Soldadura")*((($M$3:$M$200=$A4)+($N$3:$N$200=$A4)+($O$3:$O$200=$A4)+($P$3:$P$200=$A4)+($Q$3:$Q$200=$A4)+($R$3:$R$200=$A4)+($S$3:$S$200=$A4)+($T$3:$T$200=$A4)+($U$3:$U$200=$A4)+($V$3:$V$200=$A4)+($W$3:$W$200=$A4)+($X$3:$X$200=$A4)+($Y$3:$Y$200=$A4)+($Z$3:$Z$200=$A4)+($AA$3:$AA$200=$A4))>0)),$L$3:$L$200),"PENDIENTE"))} -> PENDIENTE | C4: {=IF($A4="","",IFERROR(LOOKUP(2,1/(($K$3:$K$200="Programación")*((($M$3:$M$200=$A4)+($N$3:$N$200=$A4)+($O$3:$O$200=$A4)+($P$3:$P$200=$A4)+($Q$3:$Q$200=$A4)+($R$3:$R$200=$A4)+($S$3:$S$200=$A4)+($T$3:$T$200=$A4)+($U$3:$U$200=$A4)+($V$3:$V$200=$A4)+($W$3:$W$200=$A4)+($X$3:$X$200=$A4)+($Y$3:$Y$200=$A4)+($Z$3:$Z$200=$A4)+($AA$3:$AA$200=$A4))>0)),$L$3:$L$200),"PENDIENTE"))} -> PENDIENTE | D4: {=IF($A4="","",IFERROR(LOOKUP(2,1/(($K$3:$K$200="Prueba PCB")*((($M$3:$M$200=$A4)+($N$3:$N$200=$A4)+($O$3:$O$200=$A4)+($P$3:$P$200=$A4)+($Q$3:$Q$200=$A4)+($R$3:$R$200=$A4)+($S$3:$S$200=$A4)+($T$3:$T$200=$A4)+($U$3:$U$200=$A4)+($V$3:$V$200=$A4)+($W$3:$W$200=$A4)+($X$3:$X$200=$A4)+($Y$3:$Y$200=$A4)+($Z$3:$Z$200=$A4)+($AA$3:$AA$200=$A4))>0)),$L$3:$L$200),"PENDIENTE"))} -> PENDIENTE | E4: {=IF($A4="","",IFERROR(LOOKUP(2,1/(($K$3:$K$200="Integración")*((($M$3:$M$200=$A4)+($N$3:$N$200=$A4)+($O$3:$O$200=$A4)+($P$3:$P$200=$A4)+($Q$3:$Q$200=$A4)+($R$3:$R$200=$A4)+($S$3:$S$200=$A4)+($T$3:$T$200=$A4)+($U$3:$U$200=$A4)+($V$3:$V$200=$A4)+($W$3:$W$200=$A4)+($X$3:$X$200=$A4)+($Y$3:$Y$200=$A4)+($Z$3:$Z$200=$A4)+($AA$3:$AA$200=$A4))>0)),$L$3:$L$200),"PENDIENTE"))} -> PENDIENTE | F4: {=IF($A4="","",IFERROR(LOOKUP(2,1/(($K$3:$K$200="Prueba Final")*((($M$3:$M$200=$A4)+($N$3:$N$200=$A4)+($O$3:$O$200=$A4)+($P$3:$P$200=$A4)+($Q$3:$Q$200=$A4)+($R$3:$R$200=$A4)+($S$3:$S$200=$A4)+($T$3:$T$200=$A4)+($U$3:$U$200=$A4)+($V$3:$V$200=$A4)+($W$3:$W$200=$A4)+($X$3:$X$200=$A4)+($Y$3:$Y$200=$A4)+($Z$3:$Z$200=$A4)+($AA$3:$AA$200=$A4))>0)),$L$3:$L$200),"PENDIENTE"))} -> PENDIENTE | G4: =IF($A4="","",IF(COUNTIF(B4:F4,"FALLA")>0,"DETENIDO",IF(COUNTIF(B4:F4,"RETRABAJO")>0,"RETRABAJO",IF(COUNTIF(B4:F4,"OK")+COUNTIF(B4:F4,"NO APLICA")=5,"LIBERADO",IF(COUNTIF(B4:F4,"PENDIENTE")=5,"PENDIENTE","EN PROCESO"))))) -> PENDIENTE
A5: =IF(Producción!A5="","",Producción!A5) -> 0014 | B5: {=IF($A5="","",IFERROR(LOOKUP(2,1/(($K$3:$K$200="Soldadura")*((($M$3:$M$200=$A5)+($N$3:$N$200=$A5)+($O$3:$O$200=$A5)+($P$3:$P$200=$A5)+($Q$3:$Q$200=$A5)+($R$3:$R$200=$A5)+($S$3:$S$200=$A5)+($T$3:$T$200=$A5)+($U$3:$U$200=$A5)+($V$3:$V$200=$A5)+($W$3:$W$200=$A5)+($X$3:$X$200=$A5)+($Y$3:$Y$200=$A5)+($Z$3:$Z$200=$A5)+($AA$3:$AA$200=$A5))>0)),$L$3:$L$200),"PENDIENTE"))} -> PENDIENTE | C5: {=IF($A5="","",IFERROR(LOOKUP(2,1/(($K$3:$K$200="Programación")*((($M$3:$M$200=$A5)+($N$3:$N$200=$A5)+($O$3:$O$200=$A5)+($P$3:$P$200=$A5)+($Q$3:$Q$200=$A5)+($R$3:$R$200=$A5)+($S$3:$S$200=$A5)+($T$3:$T$200=$A5)+($U$3:$U$200=$A5)+($V$3:$V$200=$A5)+($W$3:$W$200=$A5)+($X$3:$X$200=$A5)+($Y$3:$Y$200=$A5)+($Z$3:$Z$200=$A5)+($AA$3:$AA$200=$A5))>0)),$L$3:$L$200),"PENDIENTE"))} -> PENDIENTE | D5: {=IF($A5="","",IFERROR(LOOKUP(2,1/(($K$3:$K$200="Prueba PCB")*((($M$3:$M$200=$A5)+($N$3:$N$200=$A5)+($O$3:$O$200=$A5)+($P$3:$P$200=$A5)+($Q$3:$Q$200=$A5)+($R$3:$R$200=$A5)+($S$3:$S$200=$A5)+($T$3:$T$200=$A5)+($U$3:$U$200=$A5)+($V$3:$V$200=$A5)+($W$3:$W$200=$A5)+($X$3:$X$200=$A5)+($Y$3:$Y$200=$A5)+($Z$3:$Z$200=$A5)+($AA$3:$AA$200=$A5))>0)),$L$3:$L$200),"PENDIENTE"))} -> PENDIENTE | E5: {=IF($A5="","",IFERROR(LOOKUP(2,1/(($K$3:$K$200="Integración")*((($M$3:$M$200=$A5)+($N$3:$N$200=$A5)+($O$3:$O$200=$A5)+($P$3:$P$200=$A5)+($Q$3:$Q$200=$A5)+($R$3:$R$200=$A5)+($S$3:$S$200=$A5)+($T$3:$T$200=$A5)+($U$3:$U$200=$A5)+($V$3:$V$200=$A5)+($W$3:$W$200=$A5)+($X$3:$X$200=$A5)+($Y$3:$Y$200=$A5)+($Z$3:$Z$200=$A5)+($AA$3:$AA$200=$A5))>0)),$L$3:$L$200),"PENDIENTE"))} -> PENDIENTE | F5: {=IF($A5="","",IFERROR(LOOKUP(2,1/(($K$3:$K$200="Prueba Final")*((($M$3:$M$200=$A5)+($N$3:$N$200=$A5)+($O$3:$O$200=$A5)+($P$3:$P$200=$A5)+($Q$3:$Q$200=$A5)+($R$3:$R$200=$A5)+($S$3:$S$200=$A5)+($T$3:$T$200=$A5)+($U$3:$U$200=$A5)+($V$3:$V$200=$A5)+($W$3:$W$200=$A5)+($X$3:$X$200=$A5)+($Y$3:$Y$200=$A5)+($Z$3:$Z$200=$A5)+($AA$3:$AA$200=$A5))>0)),$L$3:$L$200),"PENDIENTE"))} -> PENDIENTE | G5: =IF($A5="","",IF(COUNTIF(B5:F5,"FALLA")>0,"DETENIDO",IF(COUNTIF(B5:F5,"RETRABAJO")>0,"RETRABAJO",IF(COUNTIF(B5:F5,"OK")+COUNTIF(B5:F5,"NO APLICA")=5,"LIBERADO",IF(COUNTIF(B5:F5,"PENDIENTE")=5,"PENDIENTE","EN PROCESO"))))) -> PENDIENTE
A6: =IF(Producción!A6="","",Producción!A6) -> 0015 | B6: {=IF($A6="","",IFERROR(LOOKUP(2,1/(($K$3:$K$200="Soldadura")*((($M$3:$M$200=$A6)+($N$3:$N$200=$A6)+($O$3:$O$200=$A6)+($P$3:$P$200=$A6)+($Q$3:$Q$200=$A6)+($R$3:$R$200=$A6)+($S$3:$S$200=$A6)+($T$3:$T$200=$A6)+($U$3:$U$200=$A6)+($V$3:$V$200=$A6)+($W$3:$W$200=$A6)+($X$3:$X$200=$A6)+($Y$3:$Y$200=$A6)+($Z$3:$Z$200=$A6)+($AA$3:$AA$200=$A6))>0)),$L$3:$L$200),"PENDIENTE"))} -> PENDIENTE | C6: {=IF($A6="","",IFERROR(LOOKUP(2,1/(($K$3:$K$200="Programación")*((($M$3:$M$200=$A6)+($N$3:$N$200=$A6)+($O$3:$O$200=$A6)+($P$3:$P$200=$A6)+($Q$3:$Q$200=$A6)+($R$3:$R$200=$A6)+($S$3:$S$200=$A6)+($T$3:$T$200=$A6)+($U$3:$U$200=$A6)+($V$3:$V$200=$A6)+($W$3:$W$200=$A6)+($X$3:$X$200=$A6)+($Y$3:$Y$200=$A6)+($Z$3:$Z$200=$A6)+($AA$3:$AA$200=$A6))>0)),$L$3:$L$200),"PENDIENTE"))} -> PENDIENTE | D6: {=IF($A6="","",IFERROR(LOOKUP(2,1/(($K$3:$K$200="Prueba PCB")*((($M$3:$M$200=$A6)+($N$3:$N$200=$A6)+($O$3:$O$200=$A6)+($P$3:$P$200=$A6)+($Q$3:$Q$200=$A6)+($R$3:$R$200=$A6)+($S$3:$S$200=$A6)+($T$3:$T$200=$A6)+($U$3:$U$200=$A6)+($V$3:$V$200=$A6)+($W$3:$W$200=$A6)+($X$3:$X$200=$A6)+($Y$3:$Y$200=$A6)+($Z$3:$Z$200=$A6)+($AA$3:$AA$200=$A6))>0)),$L$3:$L$200),"PENDIENTE"))} -> PENDIENTE | E6: {=IF($A6="","",IFERROR(LOOKUP(2,1/(($K$3:$K$200="Integración")*((($M$3:$M$200=$A6)+($N$3:$N$200=$A6)+($O$3:$O$200=$A6)+($P$3:$P$200=$A6)+($Q$3:$Q$200=$A6)+($R$3:$R$200=$A6)+($S$3:$S$200=$A6)+($T$3:$T$200=$A6)+($U$3:$U$200=$A6)+($V$3:$V$200=$A6)+($W$3:$W$200=$A6)+($X$3:$X$200=$A6)+($Y$3:$Y$200=$A6)+($Z$3:$Z$200=$A6)+($AA$3:$AA$200=$A6))>0)),$L$3:$L$200),"PENDIENTE"))} -> PENDIENTE | F6: {=IF($A6="","",IFERROR(LOOKUP(2,1/(($K$3:$K$200="Prueba Final")*((($M$3:$M$200=$A6)+($N$3:$N$200=$A6)+($O$3:$O$200=$A6)+($P$3:$P$200=$A6)+($Q$3:$Q$200=$A6)+($R$3:$R$200=$A6)+($S$3:$S$200=$A6)+($T$3:$T$200=$A6)+($U$3:$U$200=$A6)+($V$3:$V$200=$A6)+($W$3:$W$200=$A6)+($X$3:$X$200=$A6)+($Y$3:$Y$200=$A6)+($Z$3:$Z$200=$A6)+($AA$3:$AA$200=$A6))>0)),$L$3:$L$200),"PENDIENTE"))} -> PENDIENTE | G6: =IF($A6="","",IF(COUNTIF(B6:F6,"FALLA")>0,"DETENIDO",IF(COUNTIF(B6:F6,"RETRABAJO")>0,"RETRABAJO",IF(COUNTIF(B6:F6,"OK")+COUNTIF(B6:F6,"NO APLICA")=5,"LIBERADO",IF(COUNTIF(B6:F6,"PENDIENTE")=5,"PENDIENTE","EN PROCESO"))))) -> PENDIENTE
A7: =IF(Producción!A7="","",Producción!A7) -> 0016 | B7: {=IF($A7="","",IFERROR(LOOKUP(2,1/(($K$3:$K$200="Soldadura")*((($M$3:$M$200=$A7)+($N$3:$N$200=$A7)+($O$3:$O$200=$A7)+($P$3:$P$200=$A7)+($Q$3:$Q$200=$A7)+($R$3:$R$200=$A7)+($S$3:$S$200=$A7)+($T$3:$T$200=$A7)+($U$3:$U$200=$A7)+($V$3:$V$200=$A7)+($W$3:$W$200=$A7)+($X$3:$X$200=$A7)+($Y$3:$Y$200=$A7)+($Z$3:$Z$200=$A7)+($AA$3:$AA$200=$A7))>0)),$L$3:$L$200),"PENDIENTE"))} -> PENDIENTE | C7: {=IF($A7="","",IFERROR(LOOKUP(2,1/(($K$3:$K$200="Programación")*((($M$3:$M$200=$A7)+($N$3:$N$200=$A7)+($O$3:$O$200=$A7)+($P$3:$P$200=$A7)+($Q$3:$Q$200=$A7)+($R$3:$R$200=$A7)+($S$3:$S$200=$A7)+($T$3:$T$200=$A7)+($U$3:$U$200=$A7)+($V$3:$V$200=$A7)+($W$3:$W$200=$A7)+($X$3:$X$200=$A7)+($Y$3:$Y$200=$A7)+($Z$3:$Z$200=$A7)+($AA$3:$AA$200=$A7))>0)),$L$3:$L$200),"PENDIENTE"))} -> PENDIENTE | D7: {=IF($A7="","",IFERROR(LOOKUP(2,1/(($K$3:$K$200="Prueba PCB")*((($M$3:$M$200=$A7)+($N$3:$N$200=$A7)+($O$3:$O$200=$A7)+($P$3:$P$200=$A7)+($Q$3:$Q$200=$A7)+($R$3:$R$200=$A7)+($S$3:$S$200=$A7)+($T$3:$T$200=$A7)+($U$3:$U$200=$A7)+($V$3:$V$200=$A7)+($W$3:$W$200=$A7)+($X$3:$X$200=$A7)+($Y$3:$Y$200=$A7)+($Z$3:$Z$200=$A7)+($AA$3:$AA$200=$A7))>0)),$L$3:$L$200),"PENDIENTE"))} -> PENDIENTE | E7: {=IF($A7="","",IFERROR(LOOKUP(2,1/(($K$3:$K$200="Integración")*((($M$3:$M$200=$A7)+($N$3:$N$200=$A7)+($O$3:$O$200=$A7)+($P$3:$P$200=$A7)+($Q$3:$Q$200=$A7)+($R$3:$R$200=$A7)+($S$3:$S$200=$A7)+($T$3:$T$200=$A7)+($U$3:$U$200=$A7)+($V$3:$V$200=$A7)+($W$3:$W$200=$A7)+($X$3:$X$200=$A7)+($Y$3:$Y$200=$A7)+($Z$3:$Z$200=$A7)+($AA$3:$AA$200=$A7))>0)),$L$3:$L$200),"PENDIENTE"))} -> PENDIENTE | F7: {=IF($A7="","",IFERROR(LOOKUP(2,1/(($K$3:$K$200="Prueba Final")*((($M$3:$M$200=$A7)+($N$3:$N$200=$A7)+($O$3:$O$200=$A7)+($P$3:$P$200=$A7)+($Q$3:$Q$200=$A7)+($R$3:$R$200=$A7)+($S$3:$S$200=$A7)+($T$3:$T$200=$A7)+($U$3:$U$200=$A7)+($V$3:$V$200=$A7)+($W$3:$W$200=$A7)+($X$3:$X$200=$A7)+($Y$3:$Y$200=$A7)+($Z$3:$Z$200=$A7)+($AA$3:$AA$200=$A7))>0)),$L$3:$L$200),"PENDIENTE"))} -> PENDIENTE | G7: =IF($A7="","",IF(COUNTIF(B7:F7,"FALLA")>0,"DETENIDO",IF(COUNTIF(B7:F7,"RETRABAJO")>0,"RETRABAJO",IF(COUNTIF(B7:F7,"OK")+COUNTIF(B7:F7,"NO APLICA")=5,"LIBERADO",IF(COUNTIF(B7:F7,"PENDIENTE")=5,"PENDIENTE","EN PROCESO"))))) -> PENDIENTE
A8: =IF(Producción!A8="","",Producción!A8) -> 0017 | B8: {=IF($A8="","",IFERROR(LOOKUP(2,1/(($K$3:$K$200="Soldadura")*((($M$3:$M$200=$A8)+($N$3:$N$200=$A8)+($O$3:$O$200=$A8)+($P$3:$P$200=$A8)+($Q$3:$Q$200=$A8)+($R$3:$R$200=$A8)+($S$3:$S$200=$A8)+($T$3:$T$200=$A8)+($U$3:$U$200=$A8)+($V$3:$V$200=$A8)+($W$3:$W$200=$A8)+($X$3:$X$200=$A8)+($Y$3:$Y$200=$A8)+($Z$3:$Z$200=$A8)+($AA$3:$AA$200=$A8))>0)),$L$3:$L$200),"PENDIENTE"))} -> PENDIENTE | C8: {=IF($A8="","",IFERROR(LOOKUP(2,1/(($K$3:$K$200="Programación")*((($M$3:$M$200=$A8)+($N$3:$N$200=$A8)+($O$3:$O$200=$A8)+($P$3:$P$200=$A8)+($Q$3:$Q$200=$A8)+($R$3:$R$200=$A8)+($S$3:$S$200=$A8)+($T$3:$T$200=$A8)+($U$3:$U$200=$A8)+($V$3:$V$200=$A8)+($W$3:$W$200=$A8)+($X$3:$X$200=$A8)+($Y$3:$Y$200=$A8)+($Z$3:$Z$200=$A8)+($AA$3:$AA$200=$A8))>0)),$L$3:$L$200),"PENDIENTE"))} -> PENDIENTE | D8: {=IF($A8="","",IFERROR(LOOKUP(2,1/(($K$3:$K$200="Prueba PCB")*((($M$3:$M$200=$A8)+($N$3:$N$200=$A8)+($O$3:$O$200=$A8)+($P$3:$P$200=$A8)+($Q$3:$Q$200=$A8)+($R$3:$R$200=$A8)+($S$3:$S$200=$A8)+($T$3:$T$200=$A8)+($U$3:$U$200=$A8)+($V$3:$V$200=$A8)+($W$3:$W$200=$A8)+($X$3:$X$200=$A8)+($Y$3:$Y$200=$A8)+($Z$3:$Z$200=$A8)+($AA$3:$AA$200=$A8))>0)),$L$3:$L$200),"PENDIENTE"))} -> PENDIENTE | E8: {=IF($A8="","",IFERROR(LOOKUP(2,1/(($K$3:$K$200="Integración")*((($M$3:$M$200=$A8)+($N$3:$N$200=$A8)+($O$3:$O$200=$A8)+($P$3:$P$200=$A8)+($Q$3:$Q$200=$A8)+($R$3:$R$200=$A8)+($S$3:$S$200=$A8)+($T$3:$T$200=$A8)+($U$3:$U$200=$A8)+($V$3:$V$200=$A8)+($W$3:$W$200=$A8)+($X$3:$X$200=$A8)+($Y$3:$Y$200=$A8)+($Z$3:$Z$200=$A8)+($AA$3:$AA$200=$A8))>0)),$L$3:$L$200),"PENDIENTE"))} -> PENDIENTE | F8: {=IF($A8="","",IFERROR(LOOKUP(2,1/(($K$3:$K$200="Prueba Final")*((($M$3:$M$200=$A8)+($N$3:$N$200=$A8)+($O$3:$O$200=$A8)+($P$3:$P$200=$A8)+($Q$3:$Q$200=$A8)+($R$3:$R$200=$A8)+($S$3:$S$200=$A8)+($T$3:$T$200=$A8)+($U$3:$U$200=$A8)+($V$3:$V$200=$A8)+($W$3:$W$200=$A8)+($X$3:$X$200=$A8)+($Y$3:$Y$200=$A8)+($Z$3:$Z$200=$A8)+($AA$3:$AA$200=$A8))>0)),$L$3:$L$200),"PENDIENTE"))} -> PENDIENTE | G8: =IF($A8="","",IF(COUNTIF(B8:F8,"FALLA")>0,"DETENIDO",IF(COUNTIF(B8:F8,"RETRABAJO")>0,"RETRABAJO",IF(COUNTIF(B8:F8,"OK")+COUNTIF(B8:F8,"NO APLICA")=5,"LIBERADO",IF(COUNTIF(B8:F8,"PENDIENTE")=5,"PENDIENTE","EN PROCESO"))))) -> PENDIENTE
A9: =IF(Producción!A9="","",Producción!A9) -> 0019 | B9: {=IF($A9="","",IFERROR(LOOKUP(2,1/(($K$3:$K$200="Soldadura")*((($M$3:$M$200=$A9)+($N$3:$N$200=$A9)+($O$3:$O$200=$A9)+($P$3:$P$200=$A9)+($Q$3:$Q$200=$A9)+($R$3:$R$200=$A9)+($S$3:$S$200=$A9)+($T$3:$T$200=$A9)+($U$3:$U$200=$A9)+($V$3:$V$200=$A9)+($W$3:$W$200=$A9)+($X$3:$X$200=$A9)+($Y$3:$Y$200=$A9)+($Z$3:$Z$200=$A9)+($AA$3:$AA$200=$A9))>0)),$L$3:$L$200),"PENDIENTE"))} -> PENDIENTE | C9: {=IF($A9="","",IFERROR(LOOKUP(2,1/(($K$3:$K$200="Programación")*((($M$3:$M$200=$A9)+($N$3:$N$200=$A9)+($O$3:$O$200=$A9)+($P$3:$P$200=$A9)+($Q$3:$Q$200=$A9)+($R$3:$R$200=$A9)+($S$3:$S$200=$A9)+($T$3:$T$200=$A9)+($U$3:$U$200=$A9)+($V$3:$V$200=$A9)+($W$3:$W$200=$A9)+($X$3:$X$200=$A9)+($Y$3:$Y$200=$A9)+($Z$3:$Z$200=$A9)+($AA$3:$AA$200=$A9))>0)),$L$3:$L$200),"PENDIENTE"))} -> PENDIENTE | D9: {=IF($A9="","",IFERROR(LOOKUP(2,1/(($K$3:$K$200="Prueba PCB")*((($M$3:$M$200=$A9)+($N$3:$N$200=$A9)+($O$3:$O$200=$A9)+($P$3:$P$200=$A9)+($Q$3:$Q$200=$A9)+($R$3:$R$200=$A9)+($S$3:$S$200=$A9)+($T$3:$T$200=$A9)+($U$3:$U$200=$A9)+($V$3:$V$200=$A9)+($W$3:$W$200=$A9)+($X$3:$X$200=$A9)+($Y$3:$Y$200=$A9)+($Z$3:$Z$200=$A9)+($AA$3:$AA$200=$A9))>0)),$L$3:$L$200),"PENDIENTE"))} -> PENDIENTE | E9: {=IF($A9="","",IFERROR(LOOKUP(2,1/(($K$3:$K$200="Integración")*((($M$3:$M$200=$A9)+($N$3:$N$200=$A9)+($O$3:$O$200=$A9)+($P$3:$P$200=$A9)+($Q$3:$Q$200=$A9)+($R$3:$R$200=$A9)+($S$3:$S$200=$A9)+($T$3:$T$200=$A9)+($U$3:$U$200=$A9)+($V$3:$V$200=$A9)+($W$3:$W$200=$A9)+($X$3:$X$200=$A9)+($Y$3:$Y$200=$A9)+($Z$3:$Z$200=$A9)+($AA$3:$AA$200=$A9))>0)),$L$3:$L$200),"PENDIENTE"))} -> PENDIENTE | F9: {=IF($A9="","",IFERROR(LOOKUP(2,1/(($K$3:$K$200="Prueba Final")*((($M$3:$M$200=$A9)+($N$3:$N$200=$A9)+($O$3:$O$200=$A9)+($P$3:$P$200=$A9)+($Q$3:$Q$200=$A9)+($R$3:$R$200=$A9)+($S$3:$S$200=$A9)+($T$3:$T$200=$A9)+($U$3:$U$200=$A9)+($V$3:$V$200=$A9)+($W$3:$W$200=$A9)+($X$3:$X$200=$A9)+($Y$3:$Y$200=$A9)+($Z$3:$Z$200=$A9)+($AA$3:$AA$200=$A9))>0)),$L$3:$L$200),"PENDIENTE"))} -> PENDIENTE | G9: =IF($A9="","",IF(COUNTIF(B9:F9,"FALLA")>0,"DETENIDO",IF(COUNTIF(B9:F9,"RETRABAJO")>0,"RETRABAJO",IF(COUNTIF(B9:F9,"OK")+COUNTIF(B9:F9,"NO APLICA")=5,"LIBERADO",IF(COUNTIF(B9:F9,"PENDIENTE")=5,"PENDIENTE","EN PROCESO"))))) -> PENDIENTE
A10: =IF(Producción!A10="","",Producción!A10) -> 0020 | B10: {=IF($A10="","",IFERROR(LOOKUP(2,1/(($K$3:$K$200="Soldadura")*((($M$3:$M$200=$A10)+($N$3:$N$200=$A10)+($O$3:$O$200=$A10)+($P$3:$P$200=$A10)+($Q$3:$Q$200=$A10)+($R$3:$R$200=$A10)+($S$3:$S$200=$A10)+($T$3:$T$200=$A10)+($U$3:$U$200=$A10)+($V$3:$V$200=$A10)+($W$3:$W$200=$A10)+($X$3:$X$200=$A10)+($Y$3:$Y$200=$A10)+($Z$3:$Z$200=$A10)+($AA$3:$AA$200=$A10))>0)),$L$3:$L$200),"PENDIENTE"))} -> PENDIENTE | C10: {=IF($A10="","",IFERROR(LOOKUP(2,1/(($K$3:$K$200="Programación")*((($M$3:$M$200=$A10)+($N$3:$N$200=$A10)+($O$3:$O$200=$A10)+($P$3:$P$200=$A10)+($Q$3:$Q$200=$A10)+($R$3:$R$200=$A10)+($S$3:$S$200=$A10)+($T$3:$T$200=$A10)+($U$3:$U$200=$A10)+($V$3:$V$200=$A10)+($W$3:$W$200=$A10)+($X$3:$X$200=$A10)+($Y$3:$Y$200=$A10)+($Z$3:$Z$200=$A10)+($AA$3:$AA$200=$A10))>0)),$L$3:$L$200),"PENDIENTE"))} -> PENDIENTE | D10: {=IF($A10="","",IFERROR(LOOKUP(2,1/(($K$3:$K$200="Prueba PCB")*((($M$3:$M$200=$A10)+($N$3:$N$200=$A10)+($O$3:$O$200=$A10)+($P$3:$P$200=$A10)+($Q$3:$Q$200=$A10)+($R$3:$R$200=$A10)+($S$3:$S$200=$A10)+($T$3:$T$200=$A10)+($U$3:$U$200=$A10)+($V$3:$V$200=$A10)+($W$3:$W$200=$A10)+($X$3:$X$200=$A10)+($Y$3:$Y$200=$A10)+($Z$3:$Z$200=$A10)+($AA$3:$AA$200=$A10))>0)),$L$3:$L$200),"PENDIENTE"))} -> PENDIENTE | E10: {=IF($A10="","",IFERROR(LOOKUP(2,1/(($K$3:$K$200="Integración")*((($M$3:$M$200=$A10)+($N$3:$N$200=$A10)+($O$3:$O$200=$A10)+($P$3:$P$200=$A10)+($Q$3:$Q$200=$A10)+($R$3:$R$200=$A10)+($S$3:$S$200=$A10)+($T$3:$T$200=$A10)+($U$3:$U$200=$A10)+($V$3:$V$200=$A10)+($W$3:$W$200=$A10)+($X$3:$X$200=$A10)+($Y$3:$Y$200=$A10)+($Z$3:$Z$200=$A10)+($AA$3:$AA$200=$A10))>0)),$L$3:$L$200),"PENDIENTE"))} -> PENDIENTE | F10: {=IF($A10="","",IFERROR(LOOKUP(2,1/(($K$3:$K$200="Prueba Final")*((($M$3:$M$200=$A10)+($N$3:$N$200=$A10)+($O$3:$O$200=$A10)+($P$3:$P$200=$A10)+($Q$3:$Q$200=$A10)+($R$3:$R$200=$A10)+($S$3:$S$200=$A10)+($T$3:$T$200=$A10)+($U$3:$U$200=$A10)+($V$3:$V$200=$A10)+($W$3:$W$200=$A10)+($X$3:$X$200=$A10)+($Y$3:$Y$200=$A10)+($Z$3:$Z$200=$A10)+($AA$3:$AA$200=$A10))>0)),$L$3:$L$200),"PENDIENTE"))} -> PENDIENTE | G10: =IF($A10="","",IF(COUNTIF(B10:F10,"FALLA")>0,"DETENIDO",IF(COUNTIF(B10:F10,"RETRABAJO")>0,"RETRABAJO",IF(COUNTIF(B10:F10,"OK")+COUNTIF(B10:F10,"NO APLICA")=5,"LIBERADO",IF(COUNTIF(B10:F10,"PENDIENTE")=5,"PENDIENTE","EN PROCESO"))))) -> PENDIENTE
A11: =IF(Producción!A11="","",Producción!A11) -> 0021 | B11: {=IF($A11="","",IFERROR(LOOKUP(2,1/(($K$3:$K$200="Soldadura")*((($M$3:$M$200=$A11)+($N$3:$N$200=$A11)+($O$3:$O$200=$A11)+($P$3:$P$200=$A11)+($Q$3:$Q$200=$A11)+($R$3:$R$200=$A11)+($S$3:$S$200=$A11)+($T$3:$T$200=$A11)+($U$3:$U$200=$A11)+($V$3:$V$200=$A11)+($W$3:$W$200=$A11)+($X$3:$X$200=$A11)+($Y$3:$Y$200=$A11)+($Z$3:$Z$200=$A11)+($AA$3:$AA$200=$A11))>0)),$L$3:$L$200),"PENDIENTE"))} -> PENDIENTE | C11: {=IF($A11="","",IFERROR(LOOKUP(2,1/(($K$3:$K$200="Programación")*((($M$3:$M$200=$A11)+($N$3:$N$200=$A11)+($O$3:$O$200=$A11)+($P$3:$P$200=$A11)+($Q$3:$Q$200=$A11)+($R$3:$R$200=$A11)+($S$3:$S$200=$A11)+($T$3:$T$200=$A11)+($U$3:$U$200=$A11)+($V$3:$V$200=$A11)+($W$3:$W$200=$A11)+($X$3:$X$200=$A11)+($Y$3:$Y$200=$A11)+($Z$3:$Z$200=$A11)+($AA$3:$AA$200=$A11))>0)),$L$3:$L$200),"PENDIENTE"))} -> PENDIENTE | D11: {=IF($A11="","",IFERROR(LOOKUP(2,1/(($K$3:$K$200="Prueba PCB")*((($M$3:$M$200=$A11)+($N$3:$N$200=$A11)+($O$3:$O$200=$A11)+($P$3:$P$200=$A11)+($Q$3:$Q$200=$A11)+($R$3:$R$200=$A11)+($S$3:$S$200=$A11)+($T$3:$T$200=$A11)+($U$3:$U$200=$A11)+($V$3:$V$200=$A11)+($W$3:$W$200=$A11)+($X$3:$X$200=$A11)+($Y$3:$Y$200=$A11)+($Z$3:$Z$200=$A11)+($AA$3:$AA$200=$A11))>0)),$L$3:$L$200),"PENDIENTE"))} -> PENDIENTE | E11: {=IF($A11="","",IFERROR(LOOKUP(2,1/(($K$3:$K$200="Integración")*((($M$3:$M$200=$A11)+($N$3:$N$200=$A11)+($O$3:$O$200=$A11)+($P$3:$P$200=$A11)+($Q$3:$Q$200=$A11)+($R$3:$R$200=$A11)+($S$3:$S$200=$A11)+($T$3:$T$200=$A11)+($U$3:$U$200=$A11)+($V$3:$V$200=$A11)+($W$3:$W$200=$A11)+($X$3:$X$200=$A11)+($Y$3:$Y$200=$A11)+($Z$3:$Z$200=$A11)+($AA$3:$AA$200=$A11))>0)),$L$3:$L$200),"PENDIENTE"))} -> PENDIENTE | F11: {=IF($A11="","",IFERROR(LOOKUP(2,1/(($K$3:$K$200="Prueba Final")*((($M$3:$M$200=$A11)+($N$3:$N$200=$A11)+($O$3:$O$200=$A11)+($P$3:$P$200=$A11)+($Q$3:$Q$200=$A11)+($R$3:$R$200=$A11)+($S$3:$S$200=$A11)+($T$3:$T$200=$A11)+($U$3:$U$200=$A11)+($V$3:$V$200=$A11)+($W$3:$W$200=$A11)+($X$3:$X$200=$A11)+($Y$3:$Y$200=$A11)+($Z$3:$Z$200=$A11)+($AA$3:$AA$200=$A11))>0)),$L$3:$L$200),"PENDIENTE"))} -> PENDIENTE | G11: =IF($A11="","",IF(COUNTIF(B11:F11,"FALLA")>0,"DETENIDO",IF(COUNTIF(B11:F11,"RETRABAJO")>0,"RETRABAJO",IF(COUNTIF(B11:F11,"OK")+COUNTIF(B11:F11,"NO APLICA")=5,"LIBERADO",IF(COUNTIF(B11:F11,"PENDIENTE")=5,"PENDIENTE","EN PROCESO"))))) -> PENDIENTE
A12: =IF(Producción!A12="","",Producción!A12) -> 0022 | B12: {=IF($A12="","",IFERROR(LOOKUP(2,1/(($K$3:$K$200="Soldadura")*((($M$3:$M$200=$A12)+($N$3:$N$200=$A12)+($O$3:$O$200=$A12)+($P$3:$P$200=$A12)+($Q$3:$Q$200=$A12)+($R$3:$R$200=$A12)+($S$3:$S$200=$A12)+($T$3:$T$200=$A12)+($U$3:$U$200=$A12)+($V$3:$V$200=$A12)+($W$3:$W$200=$A12)+($X$3:$X$200=$A12)+($Y$3:$Y$200=$A12)+($Z$3:$Z$200=$A12)+($AA$3:$AA$200=$A12))>0)),$L$3:$L$200),"PENDIENTE"))} -> PENDIENTE | C12: {=IF($A12="","",IFERROR(LOOKUP(2,1/(($K$3:$K$200="Programación")*((($M$3:$M$200=$A12)+($N$3:$N$200=$A12)+($O$3:$O$200=$A12)+($P$3:$P$200=$A12)+($Q$3:$Q$200=$A12)+($R$3:$R$200=$A12)+($S$3:$S$200=$A12)+($T$3:$T$200=$A12)+($U$3:$U$200=$A12)+($V$3:$V$200=$A12)+($W$3:$W$200=$A12)+($X$3:$X$200=$A12)+($Y$3:$Y$200=$A12)+($Z$3:$Z$200=$A12)+($AA$3:$AA$200=$A12))>0)),$L$3:$L$200),"PENDIENTE"))} -> PENDIENTE | D12: {=IF($A12="","",IFERROR(LOOKUP(2,1/(($K$3:$K$200="Prueba PCB")*((($M$3:$M$200=$A12)+($N$3:$N$200=$A12)+($O$3:$O$200=$A12)+($P$3:$P$200=$A12)+($Q$3:$Q$200=$A12)+($R$3:$R$200=$A12)+($S$3:$S$200=$A12)+($T$3:$T$200=$A12)+($U$3:$U$200=$A12)+($V$3:$V$200=$A12)+($W$3:$W$200=$A12)+($X$3:$X$200=$A12)+($Y$3:$Y$200=$A12)+($Z$3:$Z$200=$A12)+($AA$3:$AA$200=$A12))>0)),$L$3:$L$200),"PENDIENTE"))} -> PENDIENTE | E12: {=IF($A12="","",IFERROR(LOOKUP(2,1/(($K$3:$K$200="Integración")*((($M$3:$M$200=$A12)+($N$3:$N$200=$A12)+($O$3:$O$200=$A12)+($P$3:$P$200=$A12)+($Q$3:$Q$200=$A12)+($R$3:$R$200=$A12)+($S$3:$S$200=$A12)+($T$3:$T$200=$A12)+($U$3:$U$200=$A12)+($V$3:$V$200=$A12)+($W$3:$W$200=$A12)+($X$3:$X$200=$A12)+($Y$3:$Y$200=$A12)+($Z$3:$Z$200=$A12)+($AA$3:$AA$200=$A12))>0)),$L$3:$L$200),"PENDIENTE"))} -> PENDIENTE | F12: {=IF($A12="","",IFERROR(LOOKUP(2,1/(($K$3:$K$200="Prueba Final")*((($M$3:$M$200=$A12)+($N$3:$N$200=$A12)+($O$3:$O$200=$A12)+($P$3:$P$200=$A12)+($Q$3:$Q$200=$A12)+($R$3:$R$200=$A12)+($S$3:$S$200=$A12)+($T$3:$T$200=$A12)+($U$3:$U$200=$A12)+($V$3:$V$200=$A12)+($W$3:$W$200=$A12)+($X$3:$X$200=$A12)+($Y$3:$Y$200=$A12)+($Z$3:$Z$200=$A12)+($AA$3:$AA$200=$A12))>0)),$L$3:$L$200),"PENDIENTE"))} -> PENDIENTE | G12: =IF($A12="","",IF(COUNTIF(B12:F12,"FALLA")>0,"DETENIDO",IF(COUNTIF(B12:F12,"RETRABAJO")>0,"RETRABAJO",IF(COUNTIF(B12:F12,"OK")+COUNTIF(B12:F12,"NO APLICA")=5,"LIBERADO",IF(COUNTIF(B12:F12,"PENDIENTE")=5,"PENDIENTE","EN PROCESO"))))) -> PENDIENTE
A13: =IF(Producción!A13="","",Producción!A13) -> 0023 | B13: {=IF($A13="","",IFERROR(LOOKUP(2,1/(($K$3:$K$200="Soldadura")*((($M$3:$M$200=$A13)+($N$3:$N$200=$A13)+($O$3:$O$200=$A13)+($P$3:$P$200=$A13)+($Q$3:$Q$200=$A13)+($R$3:$R$200=$A13)+($S$3:$S$200=$A13)+($T$3:$T$200=$A13)+($U$3:$U$200=$A13)+($V$3:$V$200=$A13)+($W$3:$W$200=$A13)+($X$3:$X$200=$A13)+($Y$3:$Y$200=$A13)+($Z$3:$Z$200=$A13)+($AA$3:$AA$200=$A13))>0)),$L$3:$L$200),"PENDIENTE"))} -> PENDIENTE | C13: {=IF($A13="","",IFERROR(LOOKUP(2,1/(($K$3:$K$200="Programación")*((($M$3:$M$200=$A13)+($N$3:$N$200=$A13)+($O$3:$O$200=$A13)+($P$3:$P$200=$A13)+($Q$3:$Q$200=$A13)+($R$3:$R$200=$A13)+($S$3:$S$200=$A13)+($T$3:$T$200=$A13)+($U$3:$U$200=$A13)+($V$3:$V$200=$A13)+($W$3:$W$200=$A13)+($X$3:$X$200=$A13)+($Y$3:$Y$200=$A13)+($Z$3:$Z$200=$A13)+($AA$3:$AA$200=$A13))>0)),$L$3:$L$200),"PENDIENTE"))} -> PENDIENTE | D13: {=IF($A13="","",IFERROR(LOOKUP(2,1/(($K$3:$K$200="Prueba PCB")*((($M$3:$M$200=$A13)+($N$3:$N$200=$A13)+($O$3:$O$200=$A13)+($P$3:$P$200=$A13)+($Q$3:$Q$200=$A13)+($R$3:$R$200=$A13)+($S$3:$S$200=$A13)+($T$3:$T$200=$A13)+($U$3:$U$200=$A13)+($V$3:$V$200=$A13)+($W$3:$W$200=$A13)+($X$3:$X$200=$A13)+($Y$3:$Y$200=$A13)+($Z$3:$Z$200=$A13)+($AA$3:$AA$200=$A13))>0)),$L$3:$L$200),"PENDIENTE"))} -> PENDIENTE | E13: {=IF($A13="","",IFERROR(LOOKUP(2,1/(($K$3:$K$200="Integración")*((($M$3:$M$200=$A13)+($N$3:$N$200=$A13)+($O$3:$O$200=$A13)+($P$3:$P$200=$A13)+($Q$3:$Q$200=$A13)+($R$3:$R$200=$A13)+($S$3:$S$200=$A13)+($T$3:$T$200=$A13)+($U$3:$U$200=$A13)+($V$3:$V$200=$A13)+($W$3:$W$200=$A13)+($X$3:$X$200=$A13)+($Y$3:$Y$200=$A13)+($Z$3:$Z$200=$A13)+($AA$3:$AA$200=$A13))>0)),$L$3:$L$200),"PENDIENTE"))} -> PENDIENTE | F13: {=IF($A13="","",IFERROR(LOOKUP(2,1/(($K$3:$K$200="Prueba Final")*((($M$3:$M$200=$A13)+($N$3:$N$200=$A13)+($O$3:$O$200=$A13)+($P$3:$P$200=$A13)+($Q$3:$Q$200=$A13)+($R$3:$R$200=$A13)+($S$3:$S$200=$A13)+($T$3:$T$200=$A13)+($U$3:$U$200=$A13)+($V$3:$V$200=$A13)+($W$3:$W$200=$A13)+($X$3:$X$200=$A13)+($Y$3:$Y$200=$A13)+($Z$3:$Z$200=$A13)+($AA$3:$AA$200=$A13))>0)),$L$3:$L$200),"PENDIENTE"))} -> PENDIENTE | G13: =IF($A13="","",IF(COUNTIF(B13:F13,"FALLA")>0,"DETENIDO",IF(COUNTIF(B13:F13,"RETRABAJO")>0,"RETRABAJO",IF(COUNTIF(B13:F13,"OK")+COUNTIF(B13:F13,"NO APLICA")=5,"LIBERADO",IF(COUNTIF(B13:F13,"PENDIENTE")=5,"PENDIENTE","EN PROCESO"))))) -> PENDIENTE
A14: =IF(Producción!A14="","",Producción!A14) -> 0024 | B14: {=IF($A14="","",IFERROR(LOOKUP(2,1/(($K$3:$K$200="Soldadura")*((($M$3:$M$200=$A14)+($N$3:$N$200=$A14)+($O$3:$O$200=$A14)+($P$3:$P$200=$A14)+($Q$3:$Q$200=$A14)+($R$3:$R$200=$A14)+($S$3:$S$200=$A14)+($T$3:$T$200=$A14)+($U$3:$U$200=$A14)+($V$3:$V$200=$A14)+($W$3:$W$200=$A14)+($X$3:$X$200=$A14)+($Y$3:$Y$200=$A14)+($Z$3:$Z$200=$A14)+($AA$3:$AA$200=$A14))>0)),$L$3:$L$200),"PENDIENTE"))} -> PENDIENTE | C14: {=IF($A14="","",IFERROR(LOOKUP(2,1/(($K$3:$K$200="Programación")*((($M$3:$M$200=$A14)+($N$3:$N$200=$A14)+($O$3:$O$200=$A14)+($P$3:$P$200=$A14)+($Q$3:$Q$200=$A14)+($R$3:$R$200=$A14)+($S$3:$S$200=$A14)+($T$3:$T$200=$A14)+($U$3:$U$200=$A14)+($V$3:$V$200=$A14)+($W$3:$W$200=$A14)+($X$3:$X$200=$A14)+($Y$3:$Y$200=$A14)+($Z$3:$Z$200=$A14)+($AA$3:$AA$200=$A14))>0)),$L$3:$L$200),"PENDIENTE"))} -> PENDIENTE | D14: {=IF($A14="","",IFERROR(LOOKUP(2,1/(($K$3:$K$200="Prueba PCB")*((($M$3:$M$200=$A14)+($N$3:$N$200=$A14)+($O$3:$O$200=$A14)+($P$3:$P$200=$A14)+($Q$3:$Q$200=$A14)+($R$3:$R$200=$A14)+($S$3:$S$200=$A14)+($T$3:$T$200=$A14)+($U$3:$U$200=$A14)+($V$3:$V$200=$A14)+($W$3:$W$200=$A14)+($X$3:$X$200=$A14)+($Y$3:$Y$200=$A14)+($Z$3:$Z$200=$A14)+($AA$3:$AA$200=$A14))>0)),$L$3:$L$200),"PENDIENTE"))} -> PENDIENTE | E14: {=IF($A14="","",IFERROR(LOOKUP(2,1/(($K$3:$K$200="Integración")*((($M$3:$M$200=$A14)+($N$3:$N$200=$A14)+($O$3:$O$200=$A14)+($P$3:$P$200=$A14)+($Q$3:$Q$200=$A14)+($R$3:$R$200=$A14)+($S$3:$S$200=$A14)+($T$3:$T$200=$A14)+($U$3:$U$200=$A14)+($V$3:$V$200=$A14)+($W$3:$W$200=$A14)+($X$3:$X$200=$A14)+($Y$3:$Y$200=$A14)+($Z$3:$Z$200=$A14)+($AA$3:$AA$200=$A14))>0)),$L$3:$L$200),"PENDIENTE"))} -> PENDIENTE | F14: {=IF($A14="","",IFERROR(LOOKUP(2,1/(($K$3:$K$200="Prueba Final")*((($M$3:$M$200=$A14)+($N$3:$N$200=$A14)+($O$3:$O$200=$A14)+($P$3:$P$200=$A14)+($Q$3:$Q$200=$A14)+($R$3:$R$200=$A14)+($S$3:$S$200=$A14)+($T$3:$T$200=$A14)+($U$3:$U$200=$A14)+($V$3:$V$200=$A14)+($W$3:$W$200=$A14)+($X$3:$X$200=$A14)+($Y$3:$Y$200=$A14)+($Z$3:$Z$200=$A14)+($AA$3:$AA$200=$A14))>0)),$L$3:$L$200),"PENDIENTE"))} -> PENDIENTE | G14: =IF($A14="","",IF(COUNTIF(B14:F14,"FALLA")>0,"DETENIDO",IF(COUNTIF(B14:F14,"RETRABAJO")>0,"RETRABAJO",IF(COUNTIF(B14:F14,"OK")+COUNTIF(B14:F14,"NO APLICA")=5,"LIBERADO",IF(COUNTIF(B14:F14,"PENDIENTE")=5,"PENDIENTE","EN PROCESO"))))) -> PENDIENTE
... A63: =IF(Producción!A63="","",Producción!A63) -> 0076 | B63: {=IF($A63="","",IFERROR(LOOKUP(2,1/(($K$3:$K$200="Soldadura")*((($M$3:$M$200=$A63)+($N$3:$N$200=$A63)+($O$3:$O$200=$A63)+($P$3:$P$200=$A63)+($Q$3:$Q$200=$A63)+($R$3:$R$200=$A63)+($S$3:$S$200=$A63)+($T$3:$T$200=$A63)+($U$3:$U$200=$A63)+($V$3:$V$200=$A63)+($W$3:$W$200=$A63)+($X$3:$X$200=$A63)+($Y$3:$Y$200=$A63)+($Z$3:$Z$200=$A63)+($AA$3:$AA$200=$A63))>0)),$L$3:$L$200),"PENDIENTE"))} -> PENDIENTE | C63: {=IF($A63="","",IFERROR(LOOKUP(2,1/(($K$3:$K$200="Programación")*((($M$3:$M$200=$A63)+($N$3:$N$200=$A63)+($O$3:$O$200=$A63)+($P$3:$P$200=$A63)+($Q$3:$Q$200=$A63)+($R$3:$R$200=$A63)+($S$3:$S$200=$A63)+($T$3:$T$200=$A63)+($U$3:$U$200=$A63)+($V$3:$V$200=$A63)+($W$3:$W$200=$A63)+($X$3:$X$200=$A63)+($Y$3:$Y$200=$A63)+($Z$3:$Z$200=$A63)+($AA$3:$AA$200=$A63))>0)),$L$3:$L$200),"PENDIENTE"))} -> PENDIENTE | D63: {=IF($A63="","",IFERROR(LOOKUP(2,1/(($K$3:$K$200="Prueba PCB")*((($M$3:$M$200=$A63)+($N$3:$N$200=$A63)+($O$3:$O$200=$A63)+($P$3:$P$200=$A63)+($Q$3:$Q$200=$A63)+($R$3:$R$200=$A63)+($S$3:$S$200=$A63)+($T$3:$T$200=$A63)+($U$3:$U$200=$A63)+($V$3:$V$200=$A63)+($W$3:$W$200=$A63)+($X$3:$X$200=$A63)+($Y$3:$Y$200=$A63)+($Z$3:$Z$200=$A63)+($AA$3:$AA$200=$A63))>0)),$L$3:$L$200),"PENDIENTE"))} -> PENDIENTE | E63: {=IF($A63="","",IFERROR(LOOKUP(2,1/(($K$3:$K$200="Integración")*((($M$3:$M$200=$A63)+($N$3:$N$200=$A63)+($O$3:$O$200=$A63)+($P$3:$P$200=$A63)+($Q$3:$Q$200=$A63)+($R$3:$R$200=$A63)+($S$3:$S$200=$A63)+($T$3:$T$200=$A63)+($U$3:$U$200=$A63)+($V$3:$V$200=$A63)+($W$3:$W$200=$A63)+($X$3:$X$200=$A63)+($Y$3:$Y$200=$A63)+($Z$3:$Z$200=$A63)+($AA$3:$AA$200=$A63))>0)),$L$3:$L$200),"PENDIENTE"))} -> PENDIENTE | F63: {=IF($A63="","",IFERROR(LOOKUP(2,1/(($K$3:$K$200="Prueba Final")*((($M$3:$M$200=$A63)+($N$3:$N$200=$A63)+($O$3:$O$200=$A63)+($P$3:$P$200=$A63)+($Q$3:$Q$200=$A63)+($R$3:$R$200=$A63)+($S$3:$S$200=$A63)+($T$3:$T$200=$A63)+($U$3:$U$200=$A63)+($V$3:$V$200=$A63)+($W$3:$W$200=$A63)+($X$3:$X$200=$A63)+($Y$3:$Y$200=$A63)+($Z$3:$Z$200=$A63)+($AA$3:$AA$200=$A63))>0)),$L$3:$L$200),"PENDIENTE"))} -> PENDIENTE | G63: =IF($A63="","",IF(COUNTIF(B63:F63,"FALLA")>0,"DETENIDO",IF(COUNTIF(B63:F63,"RETRABAJO")>0,"RETRABAJO",IF(COUNTIF(B63:F63,"OK")+COUNTIF(B63:F63,"NO APLICA")=5,"LIBERADO",IF(COUNTIF(B63:F63,"PENDIENTE")=5,"PENDIENTE","EN PROCESO"))))) -> PENDIENTE
A64: =IF(Producción!A64="","",Producción!A64) -> 0077 | B64: {=IF($A64="","",IFERROR(LOOKUP(2,1/(($K$3:$K$200="Soldadura")*((($M$3:$M$200=$A64)+($N$3:$N$200=$A64)+($O$3:$O$200=$A64)+($P$3:$P$200=$A64)+($Q$3:$Q$200=$A64)+($R$3:$R$200=$A64)+($S$3:$S$200=$A64)+($T$3:$T$200=$A64)+($U$3:$U$200=$A64)+($V$3:$V$200=$A64)+($W$3:$W$200=$A64)+($X$3:$X$200=$A64)+($Y$3:$Y$200=$A64)+($Z$3:$Z$200=$A64)+($AA$3:$AA$200=$A64))>0)),$L$3:$L$200),"PENDIENTE"))} -> PENDIENTE | C64: {=IF($A64="","",IFERROR(LOOKUP(2,1/(($K$3:$K$200="Programación")*((($M$3:$M$200=$A64)+($N$3:$N$200=$A64)+($O$3:$O$200=$A64)+($P$3:$P$200=$A64)+($Q$3:$Q$200=$A64)+($R$3:$R$200=$A64)+($S$3:$S$200=$A64)+($T$3:$T$200=$A64)+($U$3:$U$200=$A64)+($V$3:$V$200=$A64)+($W$3:$W$200=$A64)+($X$3:$X$200=$A64)+($Y$3:$Y$200=$A64)+($Z$3:$Z$200=$A64)+($AA$3:$AA$200=$A64))>0)),$L$3:$L$200),"PENDIENTE"))} -> PENDIENTE | D64: {=IF($A64="","",IFERROR(LOOKUP(2,1/(($K$3:$K$200="Prueba PCB")*((($M$3:$M$200=$A64)+($N$3:$N$200=$A64)+($O$3:$O$200=$A64)+($P$3:$P$200=$A64)+($Q$3:$Q$200=$A64)+($R$3:$R$200=$A64)+($S$3:$S$200=$A64)+($T$3:$T$200=$A64)+($U$3:$U$200=$A64)+($V$3:$V$200=$A64)+($W$3:$W$200=$A64)+($X$3:$X$200=$A64)+($Y$3:$Y$200=$A64)+($Z$3:$Z$200=$A64)+($AA$3:$AA$200=$A64))>0)),$L$3:$L$200),"PENDIENTE"))} -> PENDIENTE | E64: {=IF($A64="","",IFERROR(LOOKUP(2,1/(($K$3:$K$200="Integración")*((($M$3:$M$200=$A64)+($N$3:$N$200=$A64)+($O$3:$O$200=$A64)+($P$3:$P$200=$A64)+($Q$3:$Q$200=$A64)+($R$3:$R$200=$A64)+($S$3:$S$200=$A64)+($T$3:$T$200=$A64)+($U$3:$U$200=$A64)+($V$3:$V$200=$A64)+($W$3:$W$200=$A64)+($X$3:$X$200=$A64)+($Y$3:$Y$200=$A64)+($Z$3:$Z$200=$A64)+($AA$3:$AA$200=$A64))>0)),$L$3:$L$200),"PENDIENTE"))} -> PENDIENTE | F64: {=IF($A64="","",IFERROR(LOOKUP(2,1/(($K$3:$K$200="Prueba Final")*((($M$3:$M$200=$A64)+($N$3:$N$200=$A64)+($O$3:$O$200=$A64)+($P$3:$P$200=$A64)+($Q$3:$Q$200=$A64)+($R$3:$R$200=$A64)+($S$3:$S$200=$A64)+($T$3:$T$200=$A64)+($U$3:$U$200=$A64)+($V$3:$V$200=$A64)+($W$3:$W$200=$A64)+($X$3:$X$200=$A64)+($Y$3:$Y$200=$A64)+($Z$3:$Z$200=$A64)+($AA$3:$AA$200=$A64))>0)),$L$3:$L$200),"PENDIENTE"))} -> PENDIENTE | G64: =IF($A64="","",IF(COUNTIF(B64:F64,"FALLA")>0,"DETENIDO",IF(COUNTIF(B64:F64,"RETRABAJO")>0,"RETRABAJO",IF(COUNTIF(B64:F64,"OK")+COUNTIF(B64:F64,"NO APLICA")=5,"LIBERADO",IF(COUNTIF(B64:F64,"PENDIENTE")=5,"PENDIENTE","EN PROCESO"))))) -> PENDIENTE | J64: Una fila = una actualización. Elige Proceso + Estatus y selecciona de 1 a 15 IDs. Si luego vuelves a registrar la misma tarjeta/proceso en una fila inferior, prevalece el último estatus.
A65: =IF(Producción!A65="","",Producción!A65) -> 0079 | B65: {=IF($A65="","",IFERROR(LOOKUP(2,1/(($K$3:$K$200="Soldadura")*((($M$3:$M$200=$A65)+($N$3:$N$200=$A65)+($O$3:$O$200=$A65)+($P$3:$P$200=$A65)+($Q$3:$Q$200=$A65)+($R$3:$R$200=$A65)+($S$3:$S$200=$A65)+($T$3:$T$200=$A65)+($U$3:$U$200=$A65)+($V$3:$V$200=$A65)+($W$3:$W$200=$A65)+($X$3:$X$200=$A65)+($Y$3:$Y$200=$A65)+($Z$3:$Z$200=$A65)+($AA$3:$AA$200=$A65))>0)),$L$3:$L$200),"PENDIENTE"))} -> PENDIENTE | C65: {=IF($A65="","",IFERROR(LOOKUP(2,1/(($K$3:$K$200="Programación")*((($M$3:$M$200=$A65)+($N$3:$N$200=$A65)+($O$3:$O$200=$A65)+($P$3:$P$200=$A65)+($Q$3:$Q$200=$A65)+($R$3:$R$200=$A65)+($S$3:$S$200=$A65)+($T$3:$T$200=$A65)+($U$3:$U$200=$A65)+($V$3:$V$200=$A65)+($W$3:$W$200=$A65)+($X$3:$X$200=$A65)+($Y$3:$Y$200=$A65)+($Z$3:$Z$200=$A65)+($AA$3:$AA$200=$A65))>0)),$L$3:$L$200),"PENDIENTE"))} -> PENDIENTE | D65: {=IF($A65="","",IFERROR(LOOKUP(2,1/(($K$3:$K$200="Prueba PCB")*((($M$3:$M$200=$A65)+($N$3:$N$200=$A65)+($O$3:$O$200=$A65)+($P$3:$P$200=$A65)+($Q$3:$Q$200=$A65)+($R$3:$R$200=$A65)+($S$3:$S$200=$A65)+($T$3:$T$200=$A65)+($U$3:$U$200=$A65)+($V$3:$V$200=$A65)+($W$3:$W$200=$A65)+($X$3:$X$200=$A65)+($Y$3:$Y$200=$A65)+($Z$3:$Z$200=$A65)+($AA$3:$AA$200=$A65))>0)),$L$3:$L$200),"PENDIENTE"))} -> PENDIENTE | E65: {=IF($A65="","",IFERROR(LOOKUP(2,1/(($K$3:$K$200="Integración")*((($M$3:$M$200=$A65)+($N$3:$N$200=$A65)+($O$3:$O$200=$A65)+($P$3:$P$200=$A65)+($Q$3:$Q$200=$A65)+($R$3:$R$200=$A65)+($S$3:$S$200=$A65)+($T$3:$T$200=$A65)+($U$3:$U$200=$A65)+($V$3:$V$200=$A65)+($W$3:$W$200=$A65)+($X$3:$X$200=$A65)+($Y$3:$Y$200=$A65)+($Z$3:$Z$200=$A65)+($AA$3:$AA$200=$A65))>0)),$L$3:$L$200),"PENDIENTE"))} -> PENDIENTE | F65: {=IF($A65="","",IFERROR(LOOKUP(2,1/(($K$3:$K$200="Prueba Final")*((($M$3:$M$200=$A65)+($N$3:$N$200=$A65)+($O$3:$O$200=$A65)+($P$3:$P$200=$A65)+($Q$3:$Q$200=$A65)+($R$3:$R$200=$A65)+($S$3:$S$200=$A65)+($T$3:$T$200=$A65)+($U$3:$U$200=$A65)+($V$3:$V$200=$A65)+($W$3:$W$200=$A65)+($X$3:$X$200=$A65)+($Y$3:$Y$200=$A65)+($Z$3:$Z$200=$A65)+($AA$3:$AA$200=$A65))>0)),$L$3:$L$200),"PENDIENTE"))} -> PENDIENTE | G65: =IF($A65="","",IF(COUNTIF(B65:F65,"FALLA")>0,"DETENIDO",IF(COUNTIF(B65:F65,"RETRABAJO")>0,"RETRABAJO",IF(COUNTIF(B65:F65,"OK")+COUNTIF(B65:F65,"NO APLICA")=5,"LIBERADO",IF(COUNTIF(B65:F65,"PENDIENTE")=5,"PENDIENTE","EN PROCESO"))))) -> PENDIENTE
A66: =IF(Producción!A66="","",Producción!A66) -> 0080 | B66: {=IF($A66="","",IFERROR(LOOKUP(2,1/(($K$3:$K$200="Soldadura")*((($M$3:$M$200=$A66)+($N$3:$N$200=$A66)+($O$3:$O$200=$A66)+($P$3:$P$200=$A66)+($Q$3:$Q$200=$A66)+($R$3:$R$200=$A66)+($S$3:$S$200=$A66)+($T$3:$T$200=$A66)+($U$3:$U$200=$A66)+($V$3:$V$200=$A66)+($W$3:$W$200=$A66)+($X$3:$X$200=$A66)+($Y$3:$Y$200=$A66)+($Z$3:$Z$200=$A66)+($AA$3:$AA$200=$A66))>0)),$L$3:$L$200),"PENDIENTE"))} -> PENDIENTE | C66: {=IF($A66="","",IFERROR(LOOKUP(2,1/(($K$3:$K$200="Programación")*((($M$3:$M$200=$A66)+($N$3:$N$200=$A66)+($O$3:$O$200=$A66)+($P$3:$P$200=$A66)+($Q$3:$Q$200=$A66)+($R$3:$R$200=$A66)+($S$3:$S$200=$A66)+($T$3:$T$200=$A66)+($U$3:$U$200=$A66)+($V$3:$V$200=$A66)+($W$3:$W$200=$A66)+($X$3:$X$200=$A66)+($Y$3:$Y$200=$A66)+($Z$3:$Z$200=$A66)+($AA$3:$AA$200=$A66))>0)),$L$3:$L$200),"PENDIENTE"))} -> PENDIENTE | D66: {=IF($A66="","",IFERROR(LOOKUP(2,1/(($K$3:$K$200="Prueba PCB")*((($M$3:$M$200=$A66)+($N$3:$N$200=$A66)+($O$3:$O$200=$A66)+($P$3:$P$200=$A66)+($Q$3:$Q$200=$A66)+($R$3:$R$200=$A66)+($S$3:$S$200=$A66)+($T$3:$T$200=$A66)+($U$3:$U$200=$A66)+($V$3:$V$200=$A66)+($W$3:$W$200=$A66)+($X$3:$X$200=$A66)+($Y$3:$Y$200=$A66)+($Z$3:$Z$200=$A66)+($AA$3:$AA$200=$A66))>0)),$L$3:$L$200),"PENDIENTE"))} -> PENDIENTE | E66: {=IF($A66="","",IFERROR(LOOKUP(2,1/(($K$3:$K$200="Integración")*((($M$3:$M$200=$A66)+($N$3:$N$200=$A66)+($O$3:$O$200=$A66)+($P$3:$P$200=$A66)+($Q$3:$Q$200=$A66)+($R$3:$R$200=$A66)+($S$3:$S$200=$A66)+($T$3:$T$200=$A66)+($U$3:$U$200=$A66)+($V$3:$V$200=$A66)+($W$3:$W$200=$A66)+($X$3:$X$200=$A66)+($Y$3:$Y$200=$A66)+($Z$3:$Z$200=$A66)+($AA$3:$AA$200=$A66))>0)),$L$3:$L$200),"PENDIENTE"))} -> PENDIENTE | F66: {=IF($A66="","",IFERROR(LOOKUP(2,1/(($K$3:$K$200="Prueba Final")*((($M$3:$M$200=$A66)+($N$3:$N$200=$A66)+($O$3:$O$200=$A66)+($P$3:$P$200=$A66)+($Q$3:$Q$200=$A66)+($R$3:$R$200=$A66)+($S$3:$S$200=$A66)+($T$3:$T$200=$A66)+($U$3:$U$200=$A66)+($V$3:$V$200=$A66)+($W$3:$W$200=$A66)+($X$3:$X$200=$A66)+($Y$3:$Y$200=$A66)+($Z$3:$Z$200=$A66)+($AA$3:$AA$200=$A66))>0)),$L$3:$L$200),"PENDIENTE"))} -> PENDIENTE | G66: =IF($A66="","",IF(COUNTIF(B66:F66,"FALLA")>0,"DETENIDO",IF(COUNTIF(B66:F66,"RETRABAJO")>0,"RETRABAJO",IF(COUNTIF(B66:F66,"OK")+COUNTIF(B66:F66,"NO APLICA")=5,"LIBERADO",IF(COUNTIF(B66:F66,"PENDIENTE")=5,"PENDIENTE","EN PROCESO"))))) -> PENDIENTE
A67: =IF(Producción!A67="","",Producción!A67) -> 0081 | B67: {=IF($A67="","",IFERROR(LOOKUP(2,1/(($K$3:$K$200="Soldadura")*((($M$3:$M$200=$A67)+($N$3:$N$200=$A67)+($O$3:$O$200=$A67)+($P$3:$P$200=$A67)+($Q$3:$Q$200=$A67)+($R$3:$R$200=$A67)+($S$3:$S$200=$A67)+($T$3:$T$200=$A67)+($U$3:$U$200=$A67)+($V$3:$V$200=$A67)+($W$3:$W$200=$A67)+($X$3:$X$200=$A67)+($Y$3:$Y$200=$A67)+($Z$3:$Z$200=$A67)+($AA$3:$AA$200=$A67))>0)),$L$3:$L$200),"PENDIENTE"))} -> PENDIENTE | C67: {=IF($A67="","",IFERROR(LOOKUP(2,1/(($K$3:$K$200="Programación")*((($M$3:$M$200=$A67)+($N$3:$N$200=$A67)+($O$3:$O$200=$A67)+($P$3:$P$200=$A67)+($Q$3:$Q$200=$A67)+($R$3:$R$200=$A67)+($S$3:$S$200=$A67)+($T$3:$T$200=$A67)+($U$3:$U$200=$A67)+($V$3:$V$200=$A67)+($W$3:$W$200=$A67)+($X$3:$X$200=$A67)+($Y$3:$Y$200=$A67)+($Z$3:$Z$200=$A67)+($AA$3:$AA$200=$A67))>0)),$L$3:$L$200),"PENDIENTE"))} -> PENDIENTE | D67: {=IF($A67="","",IFERROR(LOOKUP(2,1/(($K$3:$K$200="Prueba PCB")*((($M$3:$M$200=$A67)+($N$3:$N$200=$A67)+($O$3:$O$200=$A67)+($P$3:$P$200=$A67)+($Q$3:$Q$200=$A67)+($R$3:$R$200=$A67)+($S$3:$S$200=$A67)+($T$3:$T$200=$A67)+($U$3:$U$200=$A67)+($V$3:$V$200=$A67)+($W$3:$W$200=$A67)+($X$3:$X$200=$A67)+($Y$3:$Y$200=$A67)+($Z$3:$Z$200=$A67)+($AA$3:$AA$200=$A67))>0)),$L$3:$L$200),"PENDIENTE"))} -> PENDIENTE | E67: {=IF($A67="","",IFERROR(LOOKUP(2,1/(($K$3:$K$200="Integración")*((($M$3:$M$200=$A67)+($N$3:$N$200=$A67)+($O$3:$O$200=$A67)+($P$3:$P$200=$A67)+($Q$3:$Q$200=$A67)+($R$3:$R$200=$A67)+($S$3:$S$200=$A67)+($T$3:$T$200=$A67)+($U$3:$U$200=$A67)+($V$3:$V$200=$A67)+($W$3:$W$200=$A67)+($X$3:$X$200=$A67)+($Y$3:$Y$200=$A67)+($Z$3:$Z$200=$A67)+($AA$3:$AA$200=$A67))>0)),$L$3:$L$200),"PENDIENTE"))} -> PENDIENTE | F67: {=IF($A67="","",IFERROR(LOOKUP(2,1/(($K$3:$K$200="Prueba Final")*((($M$3:$M$200=$A67)+($N$3:$N$200=$A67)+($O$3:$O$200=$A67)+($P$3:$P$200=$A67)+($Q$3:$Q$200=$A67)+($R$3:$R$200=$A67)+($S$3:$S$200=$A67)+($T$3:$T$200=$A67)+($U$3:$U$200=$A67)+($V$3:$V$200=$A67)+($W$3:$W$200=$A67)+($X$3:$X$200=$A67)+($Y$3:$Y$200=$A67)+($Z$3:$Z$200=$A67)+($AA$3:$AA$200=$A67))>0)),$L$3:$L$200),"PENDIENTE"))} -> PENDIENTE | G67: =IF($A67="","",IF(COUNTIF(B67:F67,"FALLA")>0,"DETENIDO",IF(COUNTIF(B67:F67,"RETRABAJO")>0,"RETRABAJO",IF(COUNTIF(B67:F67,"OK")+COUNTIF(B67:F67,"NO APLICA")=5,"LIBERADO",IF(COUNTIF(B67:F67,"PENDIENTE")=5,"PENDIENTE","EN PROCESO"))))) -> PENDIENTE
A68: =IF(Producción!A68="","",Producción!A68) -> 0083 | B68: {=IF($A68="","",IFERROR(LOOKUP(2,1/(($K$3:$K$200="Soldadura")*((($M$3:$M$200=$A68)+($N$3:$N$200=$A68)+($O$3:$O$200=$A68)+($P$3:$P$200=$A68)+($Q$3:$Q$200=$A68)+($R$3:$R$200=$A68)+($S$3:$S$200=$A68)+($T$3:$T$200=$A68)+($U$3:$U$200=$A68)+($V$3:$V$200=$A68)+($W$3:$W$200=$A68)+($X$3:$X$200=$A68)+($Y$3:$Y$200=$A68)+($Z$3:$Z$200=$A68)+($AA$3:$AA$200=$A68))>0)),$L$3:$L$200),"PENDIENTE"))} -> PENDIENTE | C68: {=IF($A68="","",IFERROR(LOOKUP(2,1/(($K$3:$K$200="Programación")*((($M$3:$M$200=$A68)+($N$3:$N$200=$A68)+($O$3:$O$200=$A68)+($P$3:$P$200=$A68)+($Q$3:$Q$200=$A68)+($R$3:$R$200=$A68)+($S$3:$S$200=$A68)+($T$3:$T$200=$A68)+($U$3:$U$200=$A68)+($V$3:$V$200=$A68)+($W$3:$W$200=$A68)+($X$3:$X$200=$A68)+($Y$3:$Y$200=$A68)+($Z$3:$Z$200=$A68)+($AA$3:$AA$200=$A68))>0)),$L$3:$L$200),"PENDIENTE"))} -> PENDIENTE | D68: {=IF($A68="","",IFERROR(LOOKUP(2,1/(($K$3:$K$200="Prueba PCB")*((($M$3:$M$200=$A68)+($N$3:$N$200=$A68)+($O$3:$O$200=$A68)+($P$3:$P$200=$A68)+($Q$3:$Q$200=$A68)+($R$3:$R$200=$A68)+($S$3:$S$200=$A68)+($T$3:$T$200=$A68)+($U$3:$U$200=$A68)+($V$3:$V$200=$A68)+($W$3:$W$200=$A68)+($X$3:$X$200=$A68)+($Y$3:$Y$200=$A68)+($Z$3:$Z$200=$A68)+($AA$3:$AA$200=$A68))>0)),$L$3:$L$200),"PENDIENTE"))} -> PENDIENTE | E68: {=IF($A68="","",IFERROR(LOOKUP(2,1/(($K$3:$K$200="Integración")*((($M$3:$M$200=$A68)+($N$3:$N$200=$A68)+($O$3:$O$200=$A68)+($P$3:$P$200=$A68)+($Q$3:$Q$200=$A68)+($R$3:$R$200=$A68)+($S$3:$S$200=$A68)+($T$3:$T$200=$A68)+($U$3:$U$200=$A68)+($V$3:$V$200=$A68)+($W$3:$W$200=$A68)+($X$3:$X$200=$A68)+($Y$3:$Y$200=$A68)+($Z$3:$Z$200=$A68)+($AA$3:$AA$200=$A68))>0)),$L$3:$L$200),"PENDIENTE"))} -> PENDIENTE | F68: {=IF($A68="","",IFERROR(LOOKUP(2,1/(($K$3:$K$200="Prueba Final")*((($M$3:$M$200=$A68)+($N$3:$N$200=$A68)+($O$3:$O$200=$A68)+($P$3:$P$200=$A68)+($Q$3:$Q$200=$A68)+($R$3:$R$200=$A68)+($S$3:$S$200=$A68)+($T$3:$T$200=$A68)+($U$3:$U$200=$A68)+($V$3:$V$200=$A68)+($W$3:$W$200=$A68)+($X$3:$X$200=$A68)+($Y$3:$Y$200=$A68)+($Z$3:$Z$200=$A68)+($AA$3:$AA$200=$A68))>0)),$L$3:$L$200),"PENDIENTE"))} -> PENDIENTE | G68: =IF($A68="","",IF(COUNTIF(B68:F68,"FALLA")>0,"DETENIDO",IF(COUNTIF(B68:F68,"RETRABAJO")>0,"RETRABAJO",IF(COUNTIF(B68:F68,"OK")+COUNTIF(B68:F68,"NO APLICA")=5,"LIBERADO",IF(COUNTIF(B68:F68,"PENDIENTE")=5,"PENDIENTE","EN PROCESO"))))) -> PENDIENTE
A69: =IF(Producción!A69="","",Producción!A69) -> 0084 | B69: {=IF($A69="","",IFERROR(LOOKUP(2,1/(($K$3:$K$200="Soldadura")*((($M$3:$M$200=$A69)+($N$3:$N$200=$A69)+($O$3:$O$200=$A69)+($P$3:$P$200=$A69)+($Q$3:$Q$200=$A69)+($R$3:$R$200=$A69)+($S$3:$S$200=$A69)+($T$3:$T$200=$A69)+($U$3:$U$200=$A69)+($V$3:$V$200=$A69)+($W$3:$W$200=$A69)+($X$3:$X$200=$A69)+($Y$3:$Y$200=$A69)+($Z$3:$Z$200=$A69)+($AA$3:$AA$200=$A69))>0)),$L$3:$L$200),"PENDIENTE"))} -> PENDIENTE | C69: {=IF($A69="","",IFERROR(LOOKUP(2,1/(($K$3:$K$200="Programación")*((($M$3:$M$200=$A69)+($N$3:$N$200=$A69)+($O$3:$O$200=$A69)+($P$3:$P$200=$A69)+($Q$3:$Q$200=$A69)+($R$3:$R$200=$A69)+($S$3:$S$200=$A69)+($T$3:$T$200=$A69)+($U$3:$U$200=$A69)+($V$3:$V$200=$A69)+($W$3:$W$200=$A69)+($X$3:$X$200=$A69)+($Y$3:$Y$200=$A69)+($Z$3:$Z$200=$A69)+($AA$3:$AA$200=$A69))>0)),$L$3:$L$200),"PENDIENTE"))} -> PENDIENTE | D69: {=IF($A69="","",IFERROR(LOOKUP(2,1/(($K$3:$K$200="Prueba PCB")*((($M$3:$M$200=$A69)+($N$3:$N$200=$A69)+($O$3:$O$200=$A69)+($P$3:$P$200=$A69)+($Q$3:$Q$200=$A69)+($R$3:$R$200=$A69)+($S$3:$S$200=$A69)+($T$3:$T$200=$A69)+($U$3:$U$200=$A69)+($V$3:$V$200=$A69)+($W$3:$W$200=$A69)+($X$3:$X$200=$A69)+($Y$3:$Y$200=$A69)+($Z$3:$Z$200=$A69)+($AA$3:$AA$200=$A69))>0)),$L$3:$L$200),"PENDIENTE"))} -> PENDIENTE | E69: {=IF($A69="","",IFERROR(LOOKUP(2,1/(($K$3:$K$200="Integración")*((($M$3:$M$200=$A69)+($N$3:$N$200=$A69)+($O$3:$O$200=$A69)+($P$3:$P$200=$A69)+($Q$3:$Q$200=$A69)+($R$3:$R$200=$A69)+($S$3:$S$200=$A69)+($T$3:$T$200=$A69)+($U$3:$U$200=$A69)+($V$3:$V$200=$A69)+($W$3:$W$200=$A69)+($X$3:$X$200=$A69)+($Y$3:$Y$200=$A69)+($Z$3:$Z$200=$A69)+($AA$3:$AA$200=$A69))>0)),$L$3:$L$200),"PENDIENTE"))} -> PENDIENTE | F69: {=IF($A69="","",IFERROR(LOOKUP(2,1/(($K$3:$K$200="Prueba Final")*((($M$3:$M$200=$A69)+($N$3:$N$200=$A69)+($O$3:$O$200=$A69)+($P$3:$P$200=$A69)+($Q$3:$Q$200=$A69)+($R$3:$R$200=$A69)+($S$3:$S$200=$A69)+($T$3:$T$200=$A69)+($U$3:$U$200=$A69)+($V$3:$V$200=$A69)+($W$3:$W$200=$A69)+($X$3:$X$200=$A69)+($Y$3:$Y$200=$A69)+($Z$3:$Z$200=$A69)+($AA$3:$AA$200=$A69))>0)),$L$3:$L$200),"PENDIENTE"))} -> PENDIENTE | G69: =IF($A69="","",IF(COUNTIF(B69:F69,"FALLA")>0,"DETENIDO",IF(COUNTIF(B69:F69,"RETRABAJO")>0,"RETRABAJO",IF(COUNTIF(B69:F69,"OK")+COUNTIF(B69:F69,"NO APLICA")=5,"LIBERADO",IF(COUNTIF(B69:F69,"PENDIENTE")=5,"PENDIENTE","EN PROCESO"))))) -> PENDIENTE
A70: =IF(Producción!A70="","",Producción!A70) -> 0085 | B70: {=IF($A70="","",IFERROR(LOOKUP(2,1/(($K$3:$K$200="Soldadura")*((($M$3:$M$200=$A70)+($N$3:$N$200=$A70)+($O$3:$O$200=$A70)+($P$3:$P$200=$A70)+($Q$3:$Q$200=$A70)+($R$3:$R$200=$A70)+($S$3:$S$200=$A70)+($T$3:$T$200=$A70)+($U$3:$U$200=$A70)+($V$3:$V$200=$A70)+($W$3:$W$200=$A70)+($X$3:$X$200=$A70)+($Y$3:$Y$200=$A70)+($Z$3:$Z$200=$A70)+($AA$3:$AA$200=$A70))>0)),$L$3:$L$200),"PENDIENTE"))} -> PENDIENTE | C70: {=IF($A70="","",IFERROR(LOOKUP(2,1/(($K$3:$K$200="Programación")*((($M$3:$M$200=$A70)+($N$3:$N$200=$A70)+($O$3:$O$200=$A70)+($P$3:$P$200=$A70)+($Q$3:$Q$200=$A70)+($R$3:$R$200=$A70)+($S$3:$S$200=$A70)+($T$3:$T$200=$A70)+($U$3:$U$200=$A70)+($V$3:$V$200=$A70)+($W$3:$W$200=$A70)+($X$3:$X$200=$A70)+($Y$3:$Y$200=$A70)+($Z$3:$Z$200=$A70)+($AA$3:$AA$200=$A70))>0)),$L$3:$L$200),"PENDIENTE"))} -> PENDIENTE | D70: {=IF($A70="","",IFERROR(LOOKUP(2,1/(($K$3:$K$200="Prueba PCB")*((($M$3:$M$200=$A70)+($N$3:$N$200=$A70)+($O$3:$O$200=$A70)+($P$3:$P$200=$A70)+($Q$3:$Q$200=$A70)+($R$3:$R$200=$A70)+($S$3:$S$200=$A70)+($T$3:$T$200=$A70)+($U$3:$U$200=$A70)+($V$3:$V$200=$A70)+($W$3:$W$200=$A70)+($X$3:$X$200=$A70)+($Y$3:$Y$200=$A70)+($Z$3:$Z$200=$A70)+($AA$3:$AA$200=$A70))>0)),$L$3:$L$200),"PENDIENTE"))} -> PENDIENTE | E70: {=IF($A70="","",IFERROR(LOOKUP(2,1/(($K$3:$K$200="Integración")*((($M$3:$M$200=$A70)+($N$3:$N$200=$A70)+($O$3:$O$200=$A70)+($P$3:$P$200=$A70)+($Q$3:$Q$200=$A70)+($R$3:$R$200=$A70)+($S$3:$S$200=$A70)+($T$3:$T$200=$A70)+($U$3:$U$200=$A70)+($V$3:$V$200=$A70)+($W$3:$W$200=$A70)+($X$3:$X$200=$A70)+($Y$3:$Y$200=$A70)+($Z$3:$Z$200=$A70)+($AA$3:$AA$200=$A70))>0)),$L$3:$L$200),"PENDIENTE"))} -> PENDIENTE | F70: {=IF($A70="","",IFERROR(LOOKUP(2,1/(($K$3:$K$200="Prueba Final")*((($M$3:$M$200=$A70)+($N$3:$N$200=$A70)+($O$3:$O$200=$A70)+($P$3:$P$200=$A70)+($Q$3:$Q$200=$A70)+($R$3:$R$200=$A70)+($S$3:$S$200=$A70)+($T$3:$T$200=$A70)+($U$3:$U$200=$A70)+($V$3:$V$200=$A70)+($W$3:$W$200=$A70)+($X$3:$X$200=$A70)+($Y$3:$Y$200=$A70)+($Z$3:$Z$200=$A70)+($AA$3:$AA$200=$A70))>0)),$L$3:$L$200),"PENDIENTE"))} -> PENDIENTE | G70: =IF($A70="","",IF(COUNTIF(B70:F70,"FALLA")>0,"DETENIDO",IF(COUNTIF(B70:F70,"RETRABAJO")>0,"RETRABAJO",IF(COUNTIF(B70:F70,"OK")+COUNTIF(B70:F70,"NO APLICA")=5,"LIBERADO",IF(COUNTIF(B70:F70,"PENDIENTE")=5,"PENDIENTE","EN PROCESO"))))) -> PENDIENTE
A71: =IF(Producción!A71="","",Producción!A71) -> 0086 | B71: {=IF($A71="","",IFERROR(LOOKUP(2,1/(($K$3:$K$200="Soldadura")*((($M$3:$M$200=$A71)+($N$3:$N$200=$A71)+($O$3:$O$200=$A71)+($P$3:$P$200=$A71)+($Q$3:$Q$200=$A71)+($R$3:$R$200=$A71)+($S$3:$S$200=$A71)+($T$3:$T$200=$A71)+($U$3:$U$200=$A71)+($V$3:$V$200=$A71)+($W$3:$W$200=$A71)+($X$3:$X$200=$A71)+($Y$3:$Y$200=$A71)+($Z$3:$Z$200=$A71)+($AA$3:$AA$200=$A71))>0)),$L$3:$L$200),"PENDIENTE"))} -> PENDIENTE | C71: {=IF($A71="","",IFERROR(LOOKUP(2,1/(($K$3:$K$200="Programación")*((($M$3:$M$200=$A71)+($N$3:$N$200=$A71)+($O$3:$O$200=$A71)+($P$3:$P$200=$A71)+($Q$3:$Q$200=$A71)+($R$3:$R$200=$A71)+($S$3:$S$200=$A71)+($T$3:$T$200=$A71)+($U$3:$U$200=$A71)+($V$3:$V$200=$A71)+($W$3:$W$200=$A71)+($X$3:$X$200=$A71)+($Y$3:$Y$200=$A71)+($Z$3:$Z$200=$A71)+($AA$3:$AA$200=$A71))>0)),$L$3:$L$200),"PENDIENTE"))} -> PENDIENTE | D71: {=IF($A71="","",IFERROR(LOOKUP(2,1/(($K$3:$K$200="Prueba PCB")*((($M$3:$M$200=$A71)+($N$3:$N$200=$A71)+($O$3:$O$200=$A71)+($P$3:$P$200=$A71)+($Q$3:$Q$200=$A71)+($R$3:$R$200=$A71)+($S$3:$S$200=$A71)+($T$3:$T$200=$A71)+($U$3:$U$200=$A71)+($V$3:$V$200=$A71)+($W$3:$W$200=$A71)+($X$3:$X$200=$A71)+($Y$3:$Y$200=$A71)+($Z$3:$Z$200=$A71)+($AA$3:$AA$200=$A71))>0)),$L$3:$L$200),"PENDIENTE"))} -> PENDIENTE | E71: {=IF($A71="","",IFERROR(LOOKUP(2,1/(($K$3:$K$200="Integración")*((($M$3:$M$200=$A71)+($N$3:$N$200=$A71)+($O$3:$O$200=$A71)+($P$3:$P$200=$A71)+($Q$3:$Q$200=$A71)+($R$3:$R$200=$A71)+($S$3:$S$200=$A71)+($T$3:$T$200=$A71)+($U$3:$U$200=$A71)+($V$3:$V$200=$A71)+($W$3:$W$200=$A71)+($X$3:$X$200=$A71)+($Y$3:$Y$200=$A71)+($Z$3:$Z$200=$A71)+($AA$3:$AA$200=$A71))>0)),$L$3:$L$200),"PENDIENTE"))} -> PENDIENTE | F71: {=IF($A71="","",IFERROR(LOOKUP(2,1/(($K$3:$K$200="Prueba Final")*((($M$3:$M$200=$A71)+($N$3:$N$200=$A71)+($O$3:$O$200=$A71)+($P$3:$P$200=$A71)+($Q$3:$Q$200=$A71)+($R$3:$R$200=$A71)+($S$3:$S$200=$A71)+($T$3:$T$200=$A71)+($U$3:$U$200=$A71)+($V$3:$V$200=$A71)+($W$3:$W$200=$A71)+($X$3:$X$200=$A71)+($Y$3:$Y$200=$A71)+($Z$3:$Z$200=$A71)+($AA$3:$AA$200=$A71))>0)),$L$3:$L$200),"PENDIENTE"))} -> PENDIENTE | G71: =IF($A71="","",IF(COUNTIF(B71:F71,"FALLA")>0,"DETENIDO",IF(COUNTIF(B71:F71,"RETRABAJO")>0,"RETRABAJO",IF(COUNTIF(B71:F71,"OK")+COUNTIF(B71:F71,"NO APLICA")=5,"LIBERADO",IF(COUNTIF(B71:F71,"PENDIENTE")=5,"PENDIENTE","EN PROCESO"))))) -> PENDIENTE
A72: =IF(Producción!A72="","",Producción!A72) -> 0087 | B72: {=IF($A72="","",IFERROR(LOOKUP(2,1/(($K$3:$K$200="Soldadura")*((($M$3:$M$200=$A72)+($N$3:$N$200=$A72)+($O$3:$O$200=$A72)+($P$3:$P$200=$A72)+($Q$3:$Q$200=$A72)+($R$3:$R$200=$A72)+($S$3:$S$200=$A72)+($T$3:$T$200=$A72)+($U$3:$U$200=$A72)+($V$3:$V$200=$A72)+($W$3:$W$200=$A72)+($X$3:$X$200=$A72)+($Y$3:$Y$200=$A72)+($Z$3:$Z$200=$A72)+($AA$3:$AA$200=$A72))>0)),$L$3:$L$200),"PENDIENTE"))} -> PENDIENTE | C72: {=IF($A72="","",IFERROR(LOOKUP(2,1/(($K$3:$K$200="Programación")*((($M$3:$M$200=$A72)+($N$3:$N$200=$A72)+($O$3:$O$200=$A72)+($P$3:$P$200=$A72)+($Q$3:$Q$200=$A72)+($R$3:$R$200=$A72)+($S$3:$S$200=$A72)+($T$3:$T$200=$A72)+($U$3:$U$200=$A72)+($V$3:$V$200=$A72)+($W$3:$W$200=$A72)+($X$3:$X$200=$A72)+($Y$3:$Y$200=$A72)+($Z$3:$Z$200=$A72)+($AA$3:$AA$200=$A72))>0)),$L$3:$L$200),"PENDIENTE"))} -> PENDIENTE | D72: {=IF($A72="","",IFERROR(LOOKUP(2,1/(($K$3:$K$200="Prueba PCB")*((($M$3:$M$200=$A72)+($N$3:$N$200=$A72)+($O$3:$O$200=$A72)+($P$3:$P$200=$A72)+($Q$3:$Q$200=$A72)+($R$3:$R$200=$A72)+($S$3:$S$200=$A72)+($T$3:$T$200=$A72)+($U$3:$U$200=$A72)+($V$3:$V$200=$A72)+($W$3:$W$200=$A72)+($X$3:$X$200=$A72)+($Y$3:$Y$200=$A72)+($Z$3:$Z$200=$A72)+($AA$3:$AA$200=$A72))>0)),$L$3:$L$200),"PENDIENTE"))} -> PENDIENTE | E72: {=IF($A72="","",IFERROR(LOOKUP(2,1/(($K$3:$K$200="Integración")*((($M$3:$M$200=$A72)+($N$3:$N$200=$A72)+($O$3:$O$200=$A72)+($P$3:$P$200=$A72)+($Q$3:$Q$200=$A72)+($R$3:$R$200=$A72)+($S$3:$S$200=$A72)+($T$3:$T$200=$A72)+($U$3:$U$200=$A72)+($V$3:$V$200=$A72)+($W$3:$W$200=$A72)+($X$3:$X$200=$A72)+($Y$3:$Y$200=$A72)+($Z$3:$Z$200=$A72)+($AA$3:$AA$200=$A72))>0)),$L$3:$L$200),"PENDIENTE"))} -> PENDIENTE | F72: {=IF($A72="","",IFERROR(LOOKUP(2,1/(($K$3:$K$200="Prueba Final")*((($M$3:$M$200=$A72)+($N$3:$N$200=$A72)+($O$3:$O$200=$A72)+($P$3:$P$200=$A72)+($Q$3:$Q$200=$A72)+($R$3:$R$200=$A72)+($S$3:$S$200=$A72)+($T$3:$T$200=$A72)+($U$3:$U$200=$A72)+($V$3:$V$200=$A72)+($W$3:$W$200=$A72)+($X$3:$X$200=$A72)+($Y$3:$Y$200=$A72)+($Z$3:$Z$200=$A72)+($AA$3:$AA$200=$A72))>0)),$L$3:$L$200),"PENDIENTE"))} -> PENDIENTE | G72: =IF($A72="","",IF(COUNTIF(B72:F72,"FALLA")>0,"DETENIDO",IF(COUNTIF(B72:F72,"RETRABAJO")>0,"RETRABAJO",IF(COUNTIF(B72:F72,"OK")+COUNTIF(B72:F72,"NO APLICA")=5,"LIBERADO",IF(COUNTIF(B72:F72,"PENDIENTE")=5,"PENDIENTE","EN PROCESO"))))) -> PENDIENTE
A73: =IF(Producción!A73="","",Producción!A73) -> 0089 | B73: {=IF($A73="","",IFERROR(LOOKUP(2,1/(($K$3:$K$200="Soldadura")*((($M$3:$M$200=$A73)+($N$3:$N$200=$A73)+($O$3:$O$200=$A73)+($P$3:$P$200=$A73)+($Q$3:$Q$200=$A73)+($R$3:$R$200=$A73)+($S$3:$S$200=$A73)+($T$3:$T$200=$A73)+($U$3:$U$200=$A73)+($V$3:$V$200=$A73)+($W$3:$W$200=$A73)+($X$3:$X$200=$A73)+($Y$3:$Y$200=$A73)+($Z$3:$Z$200=$A73)+($AA$3:$AA$200=$A73))>0)),$L$3:$L$200),"PENDIENTE"))} -> PENDIENTE | C73: {=IF($A73="","",IFERROR(LOOKUP(2,1/(($K$3:$K$200="Programación")*((($M$3:$M$200=$A73)+($N$3:$N$200=$A73)+($O$3:$O$200=$A73)+($P$3:$P$200=$A73)+($Q$3:$Q$200=$A73)+($R$3:$R$200=$A73)+($S$3:$S$200=$A73)+($T$3:$T$200=$A73)+($U$3:$U$200=$A73)+($V$3:$V$200=$A73)+($W$3:$W$200=$A73)+($X$3:$X$200=$A73)+($Y$3:$Y$200=$A73)+($Z$3:$Z$200=$A73)+($AA$3:$AA$200=$A73))>0)),$L$3:$L$200),"PENDIENTE"))} -> PENDIENTE | D73: {=IF($A73="","",IFERROR(LOOKUP(2,1/(($K$3:$K$200="Prueba PCB")*((($M$3:$M$200=$A73)+($N$3:$N$200=$A73)+($O$3:$O$200=$A73)+($P$3:$P$200=$A73)+($Q$3:$Q$200=$A73)+($R$3:$R$200=$A73)+($S$3:$S$200=$A73)+($T$3:$T$200=$A73)+($U$3:$U$200=$A73)+($V$3:$V$200=$A73)+($W$3:$W$200=$A73)+($X$3:$X$200=$A73)+($Y$3:$Y$200=$A73)+($Z$3:$Z$200=$A73)+($AA$3:$AA$200=$A73))>0)),$L$3:$L$200),"PENDIENTE"))} -> PENDIENTE | E73: {=IF($A73="","",IFERROR(LOOKUP(2,1/(($K$3:$K$200="Integración")*((($M$3:$M$200=$A73)+($N$3:$N$200=$A73)+($O$3:$O$200=$A73)+($P$3:$P$200=$A73)+($Q$3:$Q$200=$A73)+($R$3:$R$200=$A73)+($S$3:$S$200=$A73)+($T$3:$T$200=$A73)+($U$3:$U$200=$A73)+($V$3:$V$200=$A73)+($W$3:$W$200=$A73)+($X$3:$X$200=$A73)+($Y$3:$Y$200=$A73)+($Z$3:$Z$200=$A73)+($AA$3:$AA$200=$A73))>0)),$L$3:$L$200),"PENDIENTE"))} -> PENDIENTE | F73: {=IF($A73="","",IFERROR(LOOKUP(2,1/(($K$3:$K$200="Prueba Final")*((($M$3:$M$200=$A73)+($N$3:$N$200=$A73)+($O$3:$O$200=$A73)+($P$3:$P$200=$A73)+($Q$3:$Q$200=$A73)+($R$3:$R$200=$A73)+($S$3:$S$200=$A73)+($T$3:$T$200=$A73)+($U$3:$U$200=$A73)+($V$3:$V$200=$A73)+($W$3:$W$200=$A73)+($X$3:$X$200=$A73)+($Y$3:$Y$200=$A73)+($Z$3:$Z$200=$A73)+($AA$3:$AA$200=$A73))>0)),$L$3:$L$200),"PENDIENTE"))} -> PENDIENTE | G73: =IF($A73="","",IF(COUNTIF(B73:F73,"FALLA")>0,"DETENIDO",IF(COUNTIF(B73:F73,"RETRABAJO")>0,"RETRABAJO",IF(COUNTIF(B73:F73,"OK")+COUNTIF(B73:F73,"NO APLICA")=5,"LIBERADO",IF(COUNTIF(B73:F73,"PENDIENTE")=5,"PENDIENTE","EN PROCESO"))))) -> PENDIENTE
A74: =IF(Producción!A74="","",Producción!A74) -> 0092 | B74: {=IF($A74="","",IFERROR(LOOKUP(2,1/(($K$3:$K$200="Soldadura")*((($M$3:$M$200=$A74)+($N$3:$N$200=$A74)+($O$3:$O$200=$A74)+($P$3:$P$200=$A74)+($Q$3:$Q$200=$A74)+($R$3:$R$200=$A74)+($S$3:$S$200=$A74)+($T$3:$T$200=$A74)+($U$3:$U$200=$A74)+($V$3:$V$200=$A74)+($W$3:$W$200=$A74)+($X$3:$X$200=$A74)+($Y$3:$Y$200=$A74)+($Z$3:$Z$200=$A74)+($AA$3:$AA$200=$A74))>0)),$L$3:$L$200),"PENDIENTE"))} -> PENDIENTE | C74: {=IF($A74="","",IFERROR(LOOKUP(2,1/(($K$3:$K$200="Programación")*((($M$3:$M$200=$A74)+($N$3:$N$200=$A74)+($O$3:$O$200=$A74)+($P$3:$P$200=$A74)+($Q$3:$Q$200=$A74)+($R$3:$R$200=$A74)+($S$3:$S$200=$A74)+($T$3:$T$200=$A74)+($U$3:$U$200=$A74)+($V$3:$V$200=$A74)+($W$3:$W$200=$A74)+($X$3:$X$200=$A74)+($Y$3:$Y$200=$A74)+($Z$3:$Z$200=$A74)+($AA$3:$AA$200=$A74))>0)),$L$3:$L$200),"PENDIENTE"))} -> PENDIENTE | D74: {=IF($A74="","",IFERROR(LOOKUP(2,1/(($K$3:$K$200="Prueba PCB")*((($M$3:$M$200=$A74)+($N$3:$N$200=$A74)+($O$3:$O$200=$A74)+($P$3:$P$200=$A74)+($Q$3:$Q$200=$A74)+($R$3:$R$200=$A74)+($S$3:$S$200=$A74)+($T$3:$T$200=$A74)+($U$3:$U$200=$A74)+($V$3:$V$200=$A74)+($W$3:$W$200=$A74)+($X$3:$X$200=$A74)+($Y$3:$Y$200=$A74)+($Z$3:$Z$200=$A74)+($AA$3:$AA$200=$A74))>0)),$L$3:$L$200),"PENDIENTE"))} -> PENDIENTE | E74: {=IF($A74="","",IFERROR(LOOKUP(2,1/(($K$3:$K$200="Integración")*((($M$3:$M$200=$A74)+($N$3:$N$200=$A74)+($O$3:$O$200=$A74)+($P$3:$P$200=$A74)+($Q$3:$Q$200=$A74)+($R$3:$R$200=$A74)+($S$3:$S$200=$A74)+($T$3:$T$200=$A74)+($U$3:$U$200=$A74)+($V$3:$V$200=$A74)+($W$3:$W$200=$A74)+($X$3:$X$200=$A74)+($Y$3:$Y$200=$A74)+($Z$3:$Z$200=$A74)+($AA$3:$AA$200=$A74))>0)),$L$3:$L$200),"PENDIENTE"))} -> PENDIENTE | F74: {=IF($A74="","",IFERROR(LOOKUP(2,1/(($K$3:$K$200="Prueba Final")*((($M$3:$M$200=$A74)+($N$3:$N$200=$A74)+($O$3:$O$200=$A74)+($P$3:$P$200=$A74)+($Q$3:$Q$200=$A74)+($R$3:$R$200=$A74)+($S$3:$S$200=$A74)+($T$3:$T$200=$A74)+($U$3:$U$200=$A74)+($V$3:$V$200=$A74)+($W$3:$W$200=$A74)+($X$3:$X$200=$A74)+($Y$3:$Y$200=$A74)+($Z$3:$Z$200=$A74)+($AA$3:$AA$200=$A74))>0)),$L$3:$L$200),"PENDIENTE"))} -> PENDIENTE | G74: =IF($A74="","",IF(COUNTIF(B74:F74,"FALLA")>0,"DETENIDO",IF(COUNTIF(B74:F74,"RETRABAJO")>0,"RETRABAJO",IF(COUNTIF(B74:F74,"OK")+COUNTIF(B74:F74,"NO APLICA")=5,"LIBERADO",IF(COUNTIF(B74:F74,"PENDIENTE")=5,"PENDIENTE","EN PROCESO"))))) -> PENDIENTE
A75: =IF(Producción!A75="","",Producción!A75) -> 0093 | B75: {=IF($A75="","",IFERROR(LOOKUP(2,1/(($K$3:$K$200="Soldadura")*((($M$3:$M$200=$A75)+($N$3:$N$200=$A75)+($O$3:$O$200=$A75)+($P$3:$P$200=$A75)+($Q$3:$Q$200=$A75)+($R$3:$R$200=$A75)+($S$3:$S$200=$A75)+($T$3:$T$200=$A75)+($U$3:$U$200=$A75)+($V$3:$V$200=$A75)+($W$3:$W$200=$A75)+($X$3:$X$200=$A75)+($Y$3:$Y$200=$A75)+($Z$3:$Z$200=$A75)+($AA$3:$AA$200=$A75))>0)),$L$3:$L$200),"PENDIENTE"))} -> PENDIENTE | C75: {=IF($A75="","",IFERROR(LOOKUP(2,1/(($K$3:$K$200="Programación")*((($M$3:$M$200=$A75)+($N$3:$N$200=$A75)+($O$3:$O$200=$A75)+($P$3:$P$200=$A75)+($Q$3:$Q$200=$A75)+($R$3:$R$200=$A75)+($S$3:$S$200=$A75)+($T$3:$T$200=$A75)+($U$3:$U$200=$A75)+($V$3:$V$200=$A75)+($W$3:$W$200=$A75)+($X$3:$X$200=$A75)+($Y$3:$Y$200=$A75)+($Z$3:$Z$200=$A75)+($AA$3:$AA$200=$A75))>0)),$L$3:$L$200),"PENDIENTE"))} -> PENDIENTE | D75: {=IF($A75="","",IFERROR(LOOKUP(2,1/(($K$3:$K$200="Prueba PCB")*((($M$3:$M$200=$A75)+($N$3:$N$200=$A75)+($O$3:$O$200=$A75)+($P$3:$P$200=$A75)+($Q$3:$Q$200=$A75)+($R$3:$R$200=$A75)+($S$3:$S$200=$A75)+($T$3:$T$200=$A75)+($U$3:$U$200=$A75)+($V$3:$V$200=$A75)+($W$3:$W$200=$A75)+($X$3:$X$200=$A75)+($Y$3:$Y$200=$A75)+($Z$3:$Z$200=$A75)+($AA$3:$AA$200=$A75))>0)),$L$3:$L$200),"PENDIENTE"))} -> PENDIENTE | E75: {=IF($A75="","",IFERROR(LOOKUP(2,1/(($K$3:$K$200="Integración")*((($M$3:$M$200=$A75)+($N$3:$N$200=$A75)+($O$3:$O$200=$A75)+($P$3:$P$200=$A75)+($Q$3:$Q$200=$A75)+($R$3:$R$200=$A75)+($S$3:$S$200=$A75)+($T$3:$T$200=$A75)+($U$3:$U$200=$A75)+($V$3:$V$200=$A75)+($W$3:$W$200=$A75)+($X$3:$X$200=$A75)+($Y$3:$Y$200=$A75)+($Z$3:$Z$200=$A75)+($AA$3:$AA$200=$A75))>0)),$L$3:$L$200),"PENDIENTE"))} -> PENDIENTE | F75: {=IF($A75="","",IFERROR(LOOKUP(2,1/(($K$3:$K$200="Prueba Final")*((($M$3:$M$200=$A75)+($N$3:$N$200=$A75)+($O$3:$O$200=$A75)+($P$3:$P$200=$A75)+($Q$3:$Q$200=$A75)+($R$3:$R$200=$A75)+($S$3:$S$200=$A75)+($T$3:$T$200=$A75)+($U$3:$U$200=$A75)+($V$3:$V$200=$A75)+($W$3:$W$200=$A75)+($X$3:$X$200=$A75)+($Y$3:$Y$200=$A75)+($Z$3:$Z$200=$A75)+($AA$3:$AA$200=$A75))>0)),$L$3:$L$200),"PENDIENTE"))} -> PENDIENTE | G75: =IF($A75="","",IF(COUNTIF(B75:F75,"FALLA")>0,"DETENIDO",IF(COUNTIF(B75:F75,"RETRABAJO")>0,"RETRABAJO",IF(COUNTIF(B75:F75,"OK")+COUNTIF(B75:F75,"NO APLICA")=5,"LIBERADO",IF(COUNTIF(B75:F75,"PENDIENTE")=5,"PENDIENTE","EN PROCESO"))))) -> PENDIENTE
A76: =IF(Producción!A76="","",Producción!A76) -> 0094 | B76: {=IF($A76="","",IFERROR(LOOKUP(2,1/(($K$3:$K$200="Soldadura")*((($M$3:$M$200=$A76)+($N$3:$N$200=$A76)+($O$3:$O$200=$A76)+($P$3:$P$200=$A76)+($Q$3:$Q$200=$A76)+($R$3:$R$200=$A76)+($S$3:$S$200=$A76)+($T$3:$T$200=$A76)+($U$3:$U$200=$A76)+($V$3:$V$200=$A76)+($W$3:$W$200=$A76)+($X$3:$X$200=$A76)+($Y$3:$Y$200=$A76)+($Z$3:$Z$200=$A76)+($AA$3:$AA$200=$A76))>0)),$L$3:$L$200),"PENDIENTE"))} -> PENDIENTE | C76: {=IF($A76="","",IFERROR(LOOKUP(2,1/(($K$3:$K$200="Programación")*((($M$3:$M$200=$A76)+($N$3:$N$200=$A76)+($O$3:$O$200=$A76)+($P$3:$P$200=$A76)+($Q$3:$Q$200=$A76)+($R$3:$R$200=$A76)+($S$3:$S$200=$A76)+($T$3:$T$200=$A76)+($U$3:$U$200=$A76)+($V$3:$V$200=$A76)+($W$3:$W$200=$A76)+($X$3:$X$200=$A76)+($Y$3:$Y$200=$A76)+($Z$3:$Z$200=$A76)+($AA$3:$AA$200=$A76))>0)),$L$3:$L$200),"PENDIENTE"))} -> PENDIENTE | D76: {=IF($A76="","",IFERROR(LOOKUP(2,1/(($K$3:$K$200="Prueba PCB")*((($M$3:$M$200=$A76)+($N$3:$N$200=$A76)+($O$3:$O$200=$A76)+($P$3:$P$200=$A76)+($Q$3:$Q$200=$A76)+($R$3:$R$200=$A76)+($S$3:$S$200=$A76)+($T$3:$T$200=$A76)+($U$3:$U$200=$A76)+($V$3:$V$200=$A76)+($W$3:$W$200=$A76)+($X$3:$X$200=$A76)+($Y$3:$Y$200=$A76)+($Z$3:$Z$200=$A76)+($AA$3:$AA$200=$A76))>0)),$L$3:$L$200),"PENDIENTE"))} -> PENDIENTE | E76: {=IF($A76="","",IFERROR(LOOKUP(2,1/(($K$3:$K$200="Integración")*((($M$3:$M$200=$A76)+($N$3:$N$200=$A76)+($O$3:$O$200=$A76)+($P$3:$P$200=$A76)+($Q$3:$Q$200=$A76)+($R$3:$R$200=$A76)+($S$3:$S$200=$A76)+($T$3:$T$200=$A76)+($U$3:$U$200=$A76)+($V$3:$V$200=$A76)+($W$3:$W$200=$A76)+($X$3:$X$200=$A76)+($Y$3:$Y$200=$A76)+($Z$3:$Z$200=$A76)+($AA$3:$AA$200=$A76))>0)),$L$3:$L$200),"PENDIENTE"))} -> PENDIENTE | F76: {=IF($A76="","",IFERROR(LOOKUP(2,1/(($K$3:$K$200="Prueba Final")*((($M$3:$M$200=$A76)+($N$3:$N$200=$A76)+($O$3:$O$200=$A76)+($P$3:$P$200=$A76)+($Q$3:$Q$200=$A76)+($R$3:$R$200=$A76)+($S$3:$S$200=$A76)+($T$3:$T$200=$A76)+($U$3:$U$200=$A76)+($V$3:$V$200=$A76)+($W$3:$W$200=$A76)+($X$3:$X$200=$A76)+($Y$3:$Y$200=$A76)+($Z$3:$Z$200=$A76)+($AA$3:$AA$200=$A76))>0)),$L$3:$L$200),"PENDIENTE"))} -> PENDIENTE | G76: =IF($A76="","",IF(COUNTIF(B76:F76,"FALLA")>0,"DETENIDO",IF(COUNTIF(B76:F76,"RETRABAJO")>0,"RETRABAJO",IF(COUNTIF(B76:F76,"OK")+COUNTIF(B76:F76,"NO APLICA")=5,"LIBERADO",IF(COUNTIF(B76:F76,"PENDIENTE")=5,"PENDIENTE","EN PROCESO"))))) -> PENDIENTE
... A101: =IF(Producción!A101="","",Producción!A101) -> 0130 | B101: {=IF($A101="","",IFERROR(LOOKUP(2,1/(($K$3:$K$200="Soldadura")*((($M$3:$M$200=$A101)+($N$3:$N$200=$A101)+($O$3:$O$200=$A101)+($P$3:$P$200=$A101)+($Q$3:$Q$200=$A101)+($R$3:$R$200=$A101)+($S$3:$S$200=$A101)+($T$3:$T$200=$A101)+($U$3:$U$200=$A101)+($V$3:$V$200=$A101)+($W$3:$W$200=$A101)+($X$3:$X$200=$A101)+($Y$3:$Y$200=$A101)+($Z$3:$Z$200=$A101)+($AA$3:$AA$200=$A101))>0)),$L$3:$L$200),"PENDIENTE"))} -> PENDIENTE | C101: {=IF($A101="","",IFERROR(LOOKUP(2,1/(($K$3:$K$200="Programación")*((($M$3:$M$200=$A101)+($N$3:$N$200=$A101)+($O$3:$O$200=$A101)+($P$3:$P$200=$A101)+($Q$3:$Q$200=$A101)+($R$3:$R$200=$A101)+($S$3:$S$200=$A101)+($T$3:$T$200=$A101)+($U$3:$U$200=$A101)+($V$3:$V$200=$A101)+($W$3:$W$200=$A101)+($X$3:$X$200=$A101)+($Y$3:$Y$200=$A101)+($Z$3:$Z$200=$A101)+($AA$3:$AA$200=$A101))>0)),$L$3:$L$200),"PENDIENTE"))} -> PENDIENTE | D101: {=IF($A101="","",IFERROR(LOOKUP(2,1/(($K$3:$K$200="Prueba PCB")*((($M$3:$M$200=$A101)+($N$3:$N$200=$A101)+($O$3:$O$200=$A101)+($P$3:$P$200=$A101)+($Q$3:$Q$200=$A101)+($R$3:$R$200=$A101)+($S$3:$S$200=$A101)+($T$3:$T$200=$A101)+($U$3:$U$200=$A101)+($V$3:$V$200=$A101)+($W$3:$W$200=$A101)+($X$3:$X$200=$A101)+($Y$3:$Y$200=$A101)+($Z$3:$Z$200=$A101)+($AA$3:$AA$200=$A101))>0)),$L$3:$L$200),"PENDIENTE"))} -> PENDIENTE | E101: {=IF($A101="","",IFERROR(LOOKUP(2,1/(($K$3:$K$200="Integración")*((($M$3:$M$200=$A101)+($N$3:$N$200=$A101)+($O$3:$O$200=$A101)+($P$3:$P$200=$A101)+($Q$3:$Q$200=$A101)+($R$3:$R$200=$A101)+($S$3:$S$200=$A101)+($T$3:$T$200=$A101)+($U$3:$U$200=$A101)+($V$3:$V$200=$A101)+($W$3:$W$200=$A101)+($X$3:$X$200=$A101)+($Y$3:$Y$200=$A101)+($Z$3:$Z$200=$A101)+($AA$3:$AA$200=$A101))>0)),$L$3:$L$200),"PENDIENTE"))} -> PENDIENTE | F101: {=IF($A101="","",IFERROR(LOOKUP(2,1/(($K$3:$K$200="Prueba Final")*((($M$3:$M$200=$A101)+($N$3:$N$200=$A101)+($O$3:$O$200=$A101)+($P$3:$P$200=$A101)+($Q$3:$Q$200=$A101)+($R$3:$R$200=$A101)+($S$3:$S$200=$A101)+($T$3:$T$200=$A101)+($U$3:$U$200=$A101)+($V$3:$V$200=$A101)+($W$3:$W$200=$A101)+($X$3:$X$200=$A101)+($Y$3:$Y$200=$A101)+($Z$3:$Z$200=$A101)+($AA$3:$AA$200=$A101))>0)),$L$3:$L$200),"PENDIENTE"))} -> PENDIENTE | G101: =IF($A101="","",IF(COUNTIF(B101:F101,"FALLA")>0,"DETENIDO",IF(COUNTIF(B101:F101,"RETRABAJO")>0,"RETRABAJO",IF(COUNTIF(B101:F101,"OK")+COUNTIF(B101:F101,"NO APLICA")=5,"LIBERADO",IF(COUNTIF(B101:F101,"PENDIENTE")=5,"PENDIENTE","EN PROCESO"))))) -> PENDIENTE

Sheet Etiquetas
A1: Generador de etiquetas — DYMO LabelWriter 550 | J1: IDs | K1: Estado Principal | L1: Estado Respaldo
A3: ID a imprimir | B3: 0130 | D3: Estado | E3: =IF($B$3="","SELECCIONA ID",IF(OR(B7="",B9="",IFERROR(INDEX($K$17:$K$116,MATCH($B$3,$B$17:$B$116,0)),"")<>"FUNCIONAL",IFERROR(INDEX($L$17:$L$116,MATCH($B$3,$B$17:$B$116,0)),"")<>"FUNCIONAL"),"REVISAR PCB/MAC","LISTA PARA IMPRIMIR")) -> REVISAR PCB/MAC | F3: Seleccionadas | G3: =COUNTIF(A17:A116,"SI") -> 0
F4: Con datos completos | G4: =SUMPRODUCT(--($A$17:$A$116="SI"),--($C$17:$C$116<>""),--($D$17:$D$116<>""),--($E$17:$E$116<>""),--($F$17:$F$116<>""),--($K$17:$K$116="FUNCIONAL"),--($L$17:$L$116="FUNCIONAL")) -> 0
A5: Vista previa | B5: TARJETA PRINCIPAL | D5: Texto completo | F5: Revisión | G5: =IF(G3=0,"SIN SELECCIÓN",IF(G3=G4,"LISTAS PARA DYMO","REVISAR PCB/MAC")) -> SIN SELECCIÓN
B6: =IFERROR(INDEX($C$17:$C$116,MATCH($B$3,$B$17:$B$116,0)),"") -> TQT-R1-V30-0130 | D6: =IF($B$3="","",B6&IF(B7="","",CHAR(10)&B7)&CHAR(10)&B8&IF(B9="","",CHAR(10)&B9)&IF(B10="","",CHAR(10)&B10)) -> TQT-R1-V30-0130 TQT-R2-V30-0116
B7: =IFERROR(INDEX($D$17:$D$116,MATCH($B$3,$B$17:$B$116,0)),"")
B8: =IFERROR(INDEX($E$17:$E$116,MATCH($B$3,$B$17:$B$116,0)),"") -> TQT-R2-V30-0116
B9: =IFERROR(INDEX($F$17:$F$116,MATCH($B$3,$B$17:$B$116,0)),"")
B10: =IFERROR(IF(INDEX($G$17:$G$116,MATCH($B$3,$B$17:$B$116,0))="","","LOT: "&INDEX($G$17:$G$116,MATCH($B$3,$B$17:$B$116,0))),"")
A15: COLA DE IMPRESIÓN DYMO
A16: IMPRIMIR | B16: ID | C16: Tarjeta | D16: MAC | E16: Respaldo | F16: MAC Respaldo | G16: Semana | H16: Etiqueta completa
B17: =IF(Producción!A2="","",Producción!A2) -> 0011 | C17: =IF(Producción!B2="","",Producción!B2) -> TQT-R1-V30-0011 | D17: =IF(Producción!C2="","",Producción!C2) | E17: =IF(Producción!E2="","",Producción!E2) -> TQT-R2-V30-0011 | F17: =IF(Producción!F2="","",Producción!F2) | G17: =IF(Producción!I2="","",Producción!I2) | H17: =IF(B17="","",C17&IF(D17="","",CHAR(10)&D17)&CHAR(10)&E17&IF(F17="","",CHAR(10)&F17)&IF(G17="","",CHAR(10)&"LOT: "&G17)) -> TQT-R1-V30-0011 TQT-R2-V30-0011 | K17: =IF(C17="","",IFERROR(INDEX('Catálogo PCB'!$C$3:$C$102,MATCH(C17,'Catálogo PCB'!$A$3:$A$102,0)),"")) -> 0 | L17: =IF(E17="","",IFERROR(INDEX('Catálogo PCB'!$H$3:$H$102,MATCH(E17,'Catálogo PCB'!$F$3:$F$102,0)),"")) -> 0
B18: =IF(Producción!A3="","",Producción!A3) -> 0012 | C18: =IF(Producción!B3="","",Producción!B3) -> TQT-R1-V30-0012 | D18: =IF(Producción!C3="","",Producción!C3) | E18: =IF(Producción!E3="","",Producción!E3) -> TQT-R2-V30-0012 | F18: =IF(Producción!F3="","",Producción!F3) | G18: =IF(Producción!I3="","",Producción!I3) | H18: =IF(B18="","",C18&IF(D18="","",CHAR(10)&D18)&CHAR(10)&E18&IF(F18="","",CHAR(10)&F18)&IF(G18="","",CHAR(10)&"LOT: "&G18)) -> TQT-R1-V30-0012 TQT-R2-V30-0012 | K18: =IF(C18="","",IFERROR(INDEX('Catálogo PCB'!$C$3:$C$102,MATCH(C18,'Catálogo PCB'!$A$3:$A$102,0)),"")) -> 0 | L18: =IF(E18="","",IFERROR(INDEX('Catálogo PCB'!$H$3:$H$102,MATCH(E18,'Catálogo PCB'!$F$3:$F$102,0)),"")) -> 0
B19: =IF(Producción!A4="","",Producción!A4) -> 0013 | C19: =IF(Producción!B4="","",Producción!B4) -> TQT-R1-V30-0013 | D19: =IF(Producción!C4="","",Producción!C4) | E19: =IF(Producción!E4="","",Producción!E4) -> TQT-R2-V30-0013 | F19: =IF(Producción!F4="","",Producción!F4) | G19: =IF(Producción!I4="","",Producción!I4) | H19: =IF(B19="","",C19&IF(D19="","",CHAR(10)&D19)&CHAR(10)&E19&IF(F19="","",CHAR(10)&F19)&IF(G19="","",CHAR(10)&"LOT: "&G19)) -> TQT-R1-V30-0013 TQT-R2-V30-0013 | K19: =IF(C19="","",IFERROR(INDEX('Catálogo PCB'!$C$3:$C$102,MATCH(C19,'Catálogo PCB'!$A$3:$A$102,0)),"")) -> 0 | L19: =IF(E19="","",IFERROR(INDEX('Catálogo PCB'!$H$3:$H$102,MATCH(E19,'Catálogo PCB'!$F$3:$F$102,0)),"")) -> 0
B20: =IF(Producción!A5="","",Producción!A5) -> 0014 | C20: =IF(Producción!B5="","",Producción!B5) -> TQT-R1-V30-0014 | D20: =IF(Producción!C5="","",Producción!C5) | E20: =IF(Producción!E5="","",Producción!E5) -> TQT-R2-V30-0014 | F20: =IF(Producción!F5="","",Producción!F5) | G20: =IF(Producción!I5="","",Producción!I5) | H20: =IF(B20="","",C20&IF(D20="","",CHAR(10)&D20)&CHAR(10)&E20&IF(F20="","",CHAR(10)&F20)&IF(G20="","",CHAR(10)&"LOT: "&G20)) -> TQT-R1-V30-0014 TQT-R2-V30-0014 | K20: =IF(C20="","",IFERROR(INDEX('Catálogo PCB'!$C$3:$C$102,MATCH(C20,'Catálogo PCB'!$A$3:$A$102,0)),"")) -> 0 | L20: =IF(E20="","",IFERROR(INDEX('Catálogo PCB'!$H$3:$H$102,MATCH(E20,'Catálogo PCB'!$F$3:$F$102,0)),"")) -> 0
B21: =IF(Producción!A6="","",Producción!A6) -> 0015 | C21: =IF(Producción!B6="","",Producción!B6) -> TQT-R1-V30-0015 | D21: =IF(Producción!C6="","",Producción!C6) | E21: =IF(Producción!E6="","",Producción!E6) -> TQT-R2-V30-0015 | F21: =IF(Producción!F6="","",Producción!F6) | G21: =IF(Producción!I6="","",Producción!I6) | H21: =IF(B21="","",C21&IF(D21="","",CHAR(10)&D21)&CHAR(10)&E21&IF(F21="","",CHAR(10)&F21)&IF(G21="","",CHAR(10)&"LOT: "&G21)) -> TQT-R1-V30-0015 TQT-R2-V30-0015 | K21: =IF(C21="","",IFERROR(INDEX('Catálogo PCB'!$C$3:$C$102,MATCH(C21,'Catálogo PCB'!$A$3:$A$102,0)),"")) -> 0 | L21: =IF(E21="","",IFERROR(INDEX('Catálogo PCB'!$H$3:$H$102,MATCH(E21,'Catálogo PCB'!$F$3:$F$102,0)),"")) -> 0
B22: =IF(Producción!A7="","",Producción!A7) -> 0016 | C22: =IF(Producción!B7="","",Producción!B7) -> TQT-R1-V30-0016 | D22: =IF(Producción!C7="","",Producción!C7) | E22: =IF(Producción!E7="","",Producción!E7) -> TQT-R2-V30-0016 | F22: =IF(Producción!F7="","",Producción!F7) | G22: =IF(Producción!I7="","",Producción!I7) | H22: =IF(B22="","",C22&IF(D22="","",CHAR(10)&D22)&CHAR(10)&E22&IF(F22="","",CHAR(10)&F22)&IF(G22="","",CHAR(10)&"LOT: "&G22)) -> TQT-R1-V30-0016 TQT-R2-V30-0016 | K22: =IF(C22="","",IFERROR(INDEX('Catálogo PCB'!$C$3:$C$102,MATCH(C22,'Catálogo PCB'!$A$3:$A$102,0)),"")) -> 0 | L22: =IF(E22="","",IFERROR(INDEX('Catálogo PCB'!$H$3:$H$102,MATCH(E22,'Catálogo PCB'!$F$3:$F$102,0)),"")) -> 0
B23: =IF(Producción!A8="","",Producción!A8) -> 0017 | C23: =IF(Producción!B8="","",Producción!B8) -> TQT-R1-V30-0017 | D23: =IF(Producción!C8="","",Producción!C8) | E23: =IF(Producción!E8="","",Producción!E8) -> TQT-R2-V30-0017 | F23: =IF(Producción!F8="","",Producción!F8) | G23: =IF(Producción!I8="","",Producción!I8) | H23: =IF(B23="","",C23&IF(D23="","",CHAR(10)&D23)&CHAR(10)&E23&IF(F23="","",CHAR(10)&F23)&IF(G23="","",CHAR(10)&"LOT: "&G23)) -> TQT-R1-V30-0017 TQT-R2-V30-0017 | K23: =IF(C23="","",IFERROR(INDEX('Catálogo PCB'!$C$3:$C$102,MATCH(C23,'Catálogo PCB'!$A$3:$A$102,0)),"")) -> 0 | L23: =IF(E23="","",IFERROR(INDEX('Catálogo PCB'!$H$3:$H$102,MATCH(E23,'Catálogo PCB'!$F$3:$F$102,0)),"")) -> 0
B24: =IF(Producción!A9="","",Producción!A9) -> 0019 | C24: =IF(Producción!B9="","",Producción!B9) -> TQT-R1-V30-0019 | D24: =IF(Producción!C9="","",Producción!C9) | E24: =IF(Producción!E9="","",Producción!E9) -> TQT-R2-V30-0019 | F24: =IF(Producción!F9="","",Producción!F9) | G24: =IF(Producción!I9="","",Producción!I9) | H24: =IF(B24="","",C24&IF(D24="","",CHAR(10)&D24)&CHAR(10)&E24&IF(F24="","",CHAR(10)&F24)&IF(G24="","",CHAR(10)&"LOT: "&G24)) -> TQT-R1-V30-0019 TQT-R2-V30-0019 | K24: =IF(C24="","",IFERROR(INDEX('Catálogo PCB'!$C$3:$C$102,MATCH(C24,'Catálogo PCB'!$A$3:$A$102,0)),"")) -> 0 | L24: =IF(E24="","",IFERROR(INDEX('Catálogo PCB'!$H$3:$H$102,MATCH(E24,'Catálogo PCB'!$F$3:$F$102,0)),"")) -> 0
B25: =IF(Producción!A10="","",Producción!A10) -> 0020 | C25: =IF(Producción!B10="","",Producción!B10) -> TQT-R1-V30-0020 | D25: =IF(Producción!C10="","",Producción!C10) | E25: =IF(Producción!E10="","",Producción!E10) -> TQT-R2-V30-0020 | F25: =IF(Producción!F10="","",Producción!F10) | G25: =IF(Producción!I10="","",Producción!I10) | H25: =IF(B25="","",C25&IF(D25="","",CHAR(10)&D25)&CHAR(10)&E25&IF(F25="","",CHAR(10)&F25)&IF(G25="","",CHAR(10)&"LOT: "&G25)) -> TQT-R1-V30-0020 TQT-R2-V30-0020 | K25: =IF(C25="","",IFERROR(INDEX('Catálogo PCB'!$C$3:$C$102,MATCH(C25,'Catálogo PCB'!$A$3:$A$102,0)),"")) -> 0 | L25: =IF(E25="","",IFERROR(INDEX('Catálogo PCB'!$H$3:$H$102,MATCH(E25,'Catálogo PCB'!$F$3:$F$102,0)),"")) -> 0
B26: =IF(Producción!A11="","",Producción!A11) -> 0021 | C26: =IF(Producción!B11="","",Producción!B11) -> TQT-R1-V30-0021 | D26: =IF(Producción!C11="","",Producción!C11) | E26: =IF(Producción!E11="","",Producción!E11) -> TQT-R2-V30-0021 | F26: =IF(Producción!F11="","",Producción!F11) | G26: =IF(Producción!I11="","",Producción!I11) | H26: =IF(B26="","",C26&IF(D26="","",CHAR(10)&D26)&CHAR(10)&E26&IF(F26="","",CHAR(10)&F26)&IF(G26="","",CHAR(10)&"LOT: "&G26)) -> TQT-R1-V30-0021 TQT-R2-V30-0021 | K26: =IF(C26="","",IFERROR(INDEX('Catálogo PCB'!$C$3:$C$102,MATCH(C26,'Catálogo PCB'!$A$3:$A$102,0)),"")) -> 0 | L26: =IF(E26="","",IFERROR(INDEX('Catálogo PCB'!$H$3:$H$102,MATCH(E26,'Catálogo PCB'!$F$3:$F$102,0)),"")) -> 0
B27: =IF(Producción!A12="","",Producción!A12) -> 0022 | C27: =IF(Producción!B12="","",Producción!B12) -> TQT-R1-V30-0022 | D27: =IF(Producción!C12="","",Producción!C12) | E27: =IF(Producción!E12="","",Producción!E12) -> TQT-R2-V30-0022 | F27: =IF(Producción!F12="","",Producción!F12) | G27: =IF(Producción!I12="","",Producción!I12) | H27: =IF(B27="","",C27&IF(D27="","",CHAR(10)&D27)&CHAR(10)&E27&IF(F27="","",CHAR(10)&F27)&IF(G27="","",CHAR(10)&"LOT: "&G27)) -> TQT-R1-V30-0022 TQT-R2-V30-0022 | K27: =IF(C27="","",IFERROR(INDEX('Catálogo PCB'!$C$3:$C$102,MATCH(C27,'Catálogo PCB'!$A$3:$A$102,0)),"")) -> 0 | L27: =IF(E27="","",IFERROR(INDEX('Catálogo PCB'!$H$3:$H$102,MATCH(E27,'Catálogo PCB'!$F$3:$F$102,0)),"")) -> 0
B28: =IF(Producción!A13="","",Producción!A13) -> 0023 | C28: =IF(Producción!B13="","",Producción!B13) -> TQT-R1-V30-0023 | D28: =IF(Producción!C13="","",Producción!C13) | E28: =IF(Producción!E13="","",Producción!E13) -> TQT-R2-V30-0023 | F28: =IF(Producción!F13="","",Producción!F13) | G28: =IF(Producción!I13="","",Producción!I13) | H28: =IF(B28="","",C28&IF(D28="","",CHAR(10)&D28)&CHAR(10)&E28&IF(F28="","",CHAR(10)&F28)&IF(G28="","",CHAR(10)&"LOT: "&G28)) -> TQT-R1-V30-0023 TQT-R2-V30-0023 | K28: =IF(C28="","",IFERROR(INDEX('Catálogo PCB'!$C$3:$C$102,MATCH(C28,'Catálogo PCB'!$A$3:$A$102,0)),"")) -> 0 | L28: =IF(E28="","",IFERROR(INDEX('Catálogo PCB'!$H$3:$H$102,MATCH(E28,'Catálogo PCB'!$F$3:$F$102,0)),"")) -> 0
... B116: =IF(Producción!A101="","",Producción!A101) -> 0130 | C116: =IF(Producción!B101="","",Producción!B101) -> TQT-R1-V30-0130 | D116: =IF(Producción!C101="","",Producción!C101) | E116: =IF(Producción!E101="","",Producción!E101) -> TQT-R2-V30-0116 | F116: =IF(Producción!F101="","",Producción!F101) | G116: =IF(Producción!I101="","",Producción!I101) | H116: =IF(B116="","",C116&IF(D116="","",CHAR(10)&D116)&CHAR(10)&E116&IF(F116="","",CHAR(10)&F116)&IF(G116="","",CHAR(10)&"LOT: "&G116)) -> TQT-R1-V30-0130 TQT-R2-V30-0116 | K116: =IF(C116="","",IFERROR(INDEX('Catálogo PCB'!$C$3:$C$102,MATCH(C116,'Catálogo PCB'!$A$3:$A$102,0)),"")) -> 0 | L116: =IF(E116="","",IFERROR(INDEX('Catálogo PCB'!$H$3:$H$102,MATCH(E116,'Catálogo PCB'!$F$3:$F$102,0)),"")) -> 0

Sheet Catálogo PCB
A1: PCB PRINCIPALES | F1: PCB RESPALDO | K1: PCB R3 | O1: R3 DISPONIBLES
A2: Nombre PCB | B2: MAC Address | C2: Estado PCB | D2: Asignada a | F2: Nombre PCB | G2: MAC Address | H2: Estado PCB | I2: Asignada a | K2: Nombre PCB | L2: Estado PCB | M2: Asignada a | O2: Nombre PCB
A3: TQT-R1-V30-0011 | D3: =IF(A3="","",IF(COUNTIF(Producción!$B$2:$B$101,A3)=0,"SUELTA",IF(COUNTIF(Producción!$B$2:$B$101,A3)>1,"DUPLICADA",IF(INDEX(Producción!$E$2:$E$101,MATCH(A3,Producción!$B$2:$B$101,0))="","SUELTA",TEXT(INDEX(Producción!$A$2:$A$101,MATCH(A3,Producción!$B$2:$B$101,0)),"0000"))))) -> 0011 | F3: TQT-R2-V30-0011 | I3: =IF(F3="","",IF(COUNTIF(Producción!$E$2:$E$101,F3)=0,"SUELTA",IF(COUNTIF(Producción!$E$2:$E$101,F3)>1,"DUPLICADA",IF(INDEX(Producción!$B$2:$B$101,MATCH(F3,Producción!$E$2:$E$101,0))="","SUELTA",TEXT(INDEX(Producción!$A$2:$A$101,MATCH(F3,Producción!$E$2:$E$101,0)),"0000"))))) -> 0011 | K3: TQT-R3-V30-0011 | M3: =IF(K3="","",IF(COUNTIF(Producción!$H$2:$H$101,K3)=0,"DISPONIBLE",IF(COUNTIF(Producción!$H$2:$H$101,K3)>1,"DUPLICADA",INDEX(Producción!$A$2:$A$101,MATCH(K3,Producción!$H$2:$H$101,0))))) -> DISPONIBLE | O3: {=_xlfn._xlws.FILTER(K3:K102,M3:M102="DISPONIBLE","SIN DISPONIBLES")} -> TQT-R3-V30-0011
A4: TQT-R1-V30-0012 | D4: =IF(A4="","",IF(COUNTIF(Producción!$B$2:$B$101,A4)=0,"SUELTA",IF(COUNTIF(Producción!$B$2:$B$101,A4)>1,"DUPLICADA",IF(INDEX(Producción!$E$2:$E$101,MATCH(A4,Producción!$B$2:$B$101,0))="","SUELTA",TEXT(INDEX(Producción!$A$2:$A$101,MATCH(A4,Producción!$B$2:$B$101,0)),"0000"))))) -> 0012 | F4: TQT-R2-V30-0012 | I4: =IF(F4="","",IF(COUNTIF(Producción!$E$2:$E$101,F4)=0,"SUELTA",IF(COUNTIF(Producción!$E$2:$E$101,F4)>1,"DUPLICADA",IF(INDEX(Producción!$B$2:$B$101,MATCH(F4,Producción!$E$2:$E$101,0))="","SUELTA",TEXT(INDEX(Producción!$A$2:$A$101,MATCH(F4,Producción!$E$2:$E$101,0)),"0000"))))) -> 0012 | K4: TQT-R3-V30-0012 | M4: =IF(K4="","",IF(COUNTIF(Producción!$H$2:$H$101,K4)=0,"DISPONIBLE",IF(COUNTIF(Producción!$H$2:$H$101,K4)>1,"DUPLICADA",INDEX(Producción!$A$2:$A$101,MATCH(K4,Producción!$H$2:$H$101,0))))) -> DISPONIBLE | O4: TQT-R3-V30-0012
A5: TQT-R1-V30-0013 | D5: =IF(A5="","",IF(COUNTIF(Producción!$B$2:$B$101,A5)=0,"SUELTA",IF(COUNTIF(Producción!$B$2:$B$101,A5)>1,"DUPLICADA",IF(INDEX(Producción!$E$2:$E$101,MATCH(A5,Producción!$B$2:$B$101,0))="","SUELTA",TEXT(INDEX(Producción!$A$2:$A$101,MATCH(A5,Producción!$B$2:$B$101,0)),"0000"))))) -> 0013 | F5: TQT-R2-V30-0013 | I5: =IF(F5="","",IF(COUNTIF(Producción!$E$2:$E$101,F5)=0,"SUELTA",IF(COUNTIF(Producción!$E$2:$E$101,F5)>1,"DUPLICADA",IF(INDEX(Producción!$B$2:$B$101,MATCH(F5,Producción!$E$2:$E$101,0))="","SUELTA",TEXT(INDEX(Producción!$A$2:$A$101,MATCH(F5,Producción!$E$2:$E$101,0)),"0000"))))) -> 0013 | K5: TQT-R3-V30-0013 | M5: =IF(K5="","",IF(COUNTIF(Producción!$H$2:$H$101,K5)=0,"DISPONIBLE",IF(COUNTIF(Producción!$H$2:$H$101,K5)>1,"DUPLICADA",INDEX(Producción!$A$2:$A$101,MATCH(K5,Producción!$H$2:$H$101,0))))) -> DISPONIBLE | O5: TQT-R3-V30-0013
A6: TQT-R1-V30-0014 | D6: =IF(A6="","",IF(COUNTIF(Producción!$B$2:$B$101,A6)=0,"SUELTA",IF(COUNTIF(Producción!$B$2:$B$101,A6)>1,"DUPLICADA",IF(INDEX(Producción!$E$2:$E$101,MATCH(A6,Producción!$B$2:$B$101,0))="","SUELTA",TEXT(INDEX(Producción!$A$2:$A$101,MATCH(A6,Producción!$B$2:$B$101,0)),"0000"))))) -> 0014 | F6: TQT-R2-V30-0014 | I6: =IF(F6="","",IF(COUNTIF(Producción!$E$2:$E$101,F6)=0,"SUELTA",IF(COUNTIF(Producción!$E$2:$E$101,F6)>1,"DUPLICADA",IF(INDEX(Producción!$B$2:$B$101,MATCH(F6,Producción!$E$2:$E$101,0))="","SUELTA",TEXT(INDEX(Producción!$A$2:$A$101,MATCH(F6,Producción!$E$2:$E$101,0)),"0000"))))) -> 0014 | K6: TQT-R3-V30-0014 | M6: =IF(K6="","",IF(COUNTIF(Producción!$H$2:$H$101,K6)=0,"DISPONIBLE",IF(COUNTIF(Producción!$H$2:$H$101,K6)>1,"DUPLICADA",INDEX(Producción!$A$2:$A$101,MATCH(K6,Producción!$H$2:$H$101,0))))) -> DISPONIBLE | O6: TQT-R3-V30-0014
A7: TQT-R1-V30-0015 | D7: =IF(A7="","",IF(COUNTIF(Producción!$B$2:$B$101,A7)=0,"SUELTA",IF(COUNTIF(Producción!$B$2:$B$101,A7)>1,"DUPLICADA",IF(INDEX(Producción!$E$2:$E$101,MATCH(A7,Producción!$B$2:$B$101,0))="","SUELTA",TEXT(INDEX(Producción!$A$2:$A$101,MATCH(A7,Producción!$B$2:$B$101,0)),"0000"))))) -> 0015 | F7: TQT-R2-V30-0015 | I7: =IF(F7="","",IF(COUNTIF(Producción!$E$2:$E$101,F7)=0,"SUELTA",IF(COUNTIF(Producción!$E$2:$E$101,F7)>1,"DUPLICADA",IF(INDEX(Producción!$B$2:$B$101,MATCH(F7,Producción!$E$2:$E$101,0))="","SUELTA",TEXT(INDEX(Producción!$A$2:$A$101,MATCH(F7,Producción!$E$2:$E$101,0)),"0000"))))) -> 0015 | K7: TQT-R3-V30-0015 | M7: =IF(K7="","",IF(COUNTIF(Producción!$H$2:$H$101,K7)=0,"DISPONIBLE",IF(COUNTIF(Producción!$H$2:$H$101,K7)>1,"DUPLICADA",INDEX(Producción!$A$2:$A$101,MATCH(K7,Producción!$H$2:$H$101,0))))) -> DISPONIBLE | O7: TQT-R3-V30-0015
A8: TQT-R1-V30-0016 | D8: =IF(A8="","",IF(COUNTIF(Producción!$B$2:$B$101,A8)=0,"SUELTA",IF(COUNTIF(Producción!$B$2:$B$101,A8)>1,"DUPLICADA",IF(INDEX(Producción!$E$2:$E$101,MATCH(A8,Producción!$B$2:$B$101,0))="","SUELTA",TEXT(INDEX(Producción!$A$2:$A$101,MATCH(A8,Producción!$B$2:$B$101,0)),"0000"))))) -> 0016 | F8: TQT-R2-V30-0016 | I8: =IF(F8="","",IF(COUNTIF(Producción!$E$2:$E$101,F8)=0,"SUELTA",IF(COUNTIF(Producción!$E$2:$E$101,F8)>1,"DUPLICADA",IF(INDEX(Producción!$B$2:$B$101,MATCH(F8,Producción!$E$2:$E$101,0))="","SUELTA",TEXT(INDEX(Producción!$A$2:$A$101,MATCH(F8,Producción!$E$2:$E$101,0)),"0000"))))) -> 0016 | K8: TQT-R3-V30-0016 | M8: =IF(K8="","",IF(COUNTIF(Producción!$H$2:$H$101,K8)=0,"DISPONIBLE",IF(COUNTIF(Producción!$H$2:$H$101,K8)>1,"DUPLICADA",INDEX(Producción!$A$2:$A$101,MATCH(K8,Producción!$H$2:$H$101,0))))) -> DISPONIBLE | O8: TQT-R3-V30-0016
A9: TQT-R1-V30-0017 | D9: =IF(A9="","",IF(COUNTIF(Producción!$B$2:$B$101,A9)=0,"SUELTA",IF(COUNTIF(Producción!$B$2:$B$101,A9)>1,"DUPLICADA",IF(INDEX(Producción!$E$2:$E$101,MATCH(A9,Producción!$B$2:$B$101,0))="","SUELTA",TEXT(INDEX(Producción!$A$2:$A$101,MATCH(A9,Producción!$B$2:$B$101,0)),"0000"))))) -> 0017 | F9: TQT-R2-V30-0017 | I9: =IF(F9="","",IF(COUNTIF(Producción!$E$2:$E$101,F9)=0,"SUELTA",IF(COUNTIF(Producción!$E$2:$E$101,F9)>1,"DUPLICADA",IF(INDEX(Producción!$B$2:$B$101,MATCH(F9,Producción!$E$2:$E$101,0))="","SUELTA",TEXT(INDEX(Producción!$A$2:$A$101,MATCH(F9,Producción!$E$2:$E$101,0)),"0000"))))) -> 0017 | K9: TQT-R3-V30-0017 | M9: =IF(K9="","",IF(COUNTIF(Producción!$H$2:$H$101,K9)=0,"DISPONIBLE",IF(COUNTIF(Producción!$H$2:$H$101,K9)>1,"DUPLICADA",INDEX(Producción!$A$2:$A$101,MATCH(K9,Producción!$H$2:$H$101,0))))) -> DISPONIBLE | O9: TQT-R3-V30-0017
A10: TQT-R1-V30-0018 | D10: =IF(A10="","",IF(COUNTIF(Producción!$B$2:$B$101,A10)=0,"SUELTA",IF(COUNTIF(Producción!$B$2:$B$101,A10)>1,"DUPLICADA",IF(INDEX(Producción!$E$2:$E$101,MATCH(A10,Producción!$B$2:$B$101,0))="","SUELTA",TEXT(INDEX(Producción!$A$2:$A$101,MATCH(A10,Producción!$B$2:$B$101,0)),"0000"))))) -> 0018 | F10: TQT-R2-V30-0019 | I10: =IF(F10="","",IF(COUNTIF(Producción!$E$2:$E$101,F10)=0,"SUELTA",IF(COUNTIF(Producción!$E$2:$E$101,F10)>1,"DUPLICADA",IF(INDEX(Producción!$B$2:$B$101,MATCH(F10,Producción!$E$2:$E$101,0))="","SUELTA",TEXT(INDEX(Producción!$A$2:$A$101,MATCH(F10,Producción!$E$2:$E$101,0)),"0000"))))) -> 0019 | K10: TQT-R3-V30-0018 | M10: =IF(K10="","",IF(COUNTIF(Producción!$H$2:$H$101,K10)=0,"DISPONIBLE",IF(COUNTIF(Producción!$H$2:$H$101,K10)>1,"DUPLICADA",INDEX(Producción!$A$2:$A$101,MATCH(K10,Producción!$H$2:$H$101,0))))) -> DISPONIBLE | O10: TQT-R3-V30-0018
A11: TQT-R1-V30-0019 | D11: =IF(A11="","",IF(COUNTIF(Producción!$B$2:$B$101,A11)=0,"SUELTA",IF(COUNTIF(Producción!$B$2:$B$101,A11)>1,"DUPLICADA",IF(INDEX(Producción!$E$2:$E$101,MATCH(A11,Producción!$B$2:$B$101,0))="","SUELTA",TEXT(INDEX(Producción!$A$2:$A$101,MATCH(A11,Producción!$B$2:$B$101,0)),"0000"))))) -> 0019 | F11: TQT-R2-V30-0020 | I11: =IF(F11="","",IF(COUNTIF(Producción!$E$2:$E$101,F11)=0,"SUELTA",IF(COUNTIF(Producción!$E$2:$E$101,F11)>1,"DUPLICADA",IF(INDEX(Producción!$B$2:$B$101,MATCH(F11,Producción!$E$2:$E$101,0))="","SUELTA",TEXT(INDEX(Producción!$A$2:$A$101,MATCH(F11,Producción!$E$2:$E$101,0)),"0000"))))) -> 0020 | K11: TQT-R3-V30-0019 | M11: =IF(K11="","",IF(COUNTIF(Producción!$H$2:$H$101,K11)=0,"DISPONIBLE",IF(COUNTIF(Producción!$H$2:$H$101,K11)>1,"DUPLICADA",INDEX(Producción!$A$2:$A$101,MATCH(K11,Producción!$H$2:$H$101,0))))) -> DISPONIBLE | O11: TQT-R3-V30-0019
A12: TQT-R1-V30-0020 | D12: =IF(A12="","",IF(COUNTIF(Producción!$B$2:$B$101,A12)=0,"SUELTA",IF(COUNTIF(Producción!$B$2:$B$101,A12)>1,"DUPLICADA",IF(INDEX(Producción!$E$2:$E$101,MATCH(A12,Producción!$B$2:$B$101,0))="","SUELTA",TEXT(INDEX(Producción!$A$2:$A$101,MATCH(A12,Producción!$B$2:$B$101,0)),"0000"))))) -> 0020 | F12: TQT-R2-V30-0021 | I12: =IF(F12="","",IF(COUNTIF(Producción!$E$2:$E$101,F12)=0,"SUELTA",IF(COUNTIF(Producción!$E$2:$E$101,F12)>1,"DUPLICADA",IF(INDEX(Producción!$B$2:$B$101,MATCH(F12,Producción!$E$2:$E$101,0))="","SUELTA",TEXT(INDEX(Producción!$A$2:$A$101,MATCH(F12,Producción!$E$2:$E$101,0)),"0000"))))) -> 0021 | K12: TQT-R3-V30-0020 | M12: =IF(K12="","",IF(COUNTIF(Producción!$H$2:$H$101,K12)=0,"DISPONIBLE",IF(COUNTIF(Producción!$H$2:$H$101,K12)>1,"DUPLICADA",INDEX(Producción!$A$2:$A$101,MATCH(K12,Producción!$H$2:$H$101,0))))) -> DISPONIBLE | O12: TQT-R3-V30-0020
A13: TQT-R1-V30-0021 | D13: =IF(A13="","",IF(COUNTIF(Producción!$B$2:$B$101,A13)=0,"SUELTA",IF(COUNTIF(Producción!$B$2:$B$101,A13)>1,"DUPLICADA",IF(INDEX(Producción!$E$2:$E$101,MATCH(A13,Producción!$B$2:$B$101,0))="","SUELTA",TEXT(INDEX(Producción!$A$2:$A$101,MATCH(A13,Producción!$B$2:$B$101,0)),"0000"))))) -> 0021 | F13: TQT-R2-V30-0022 | I13: =IF(F13="","",IF(COUNTIF(Producción!$E$2:$E$101,F13)=0,"SUELTA",IF(COUNTIF(Producción!$E$2:$E$101,F13)>1,"DUPLICADA",IF(INDEX(Producción!$B$2:$B$101,MATCH(F13,Producción!$E$2:$E$101,0))="","SUELTA",TEXT(INDEX(Producción!$A$2:$A$101,MATCH(F13,Producción!$E$2:$E$101,0)),"0000"))))) -> 0022 | K13: TQT-R3-V30-0021 | M13: =IF(K13="","",IF(COUNTIF(Producción!$H$2:$H$101,K13)=0,"DISPONIBLE",IF(COUNTIF(Producción!$H$2:$H$101,K13)>1,"DUPLICADA",INDEX(Producción!$A$2:$A$101,MATCH(K13,Producción!$H$2:$H$101,0))))) -> DISPONIBLE | O13: TQT-R3-V30-0021
A14: TQT-R1-V30-0022 | D14: =IF(A14="","",IF(COUNTIF(Producción!$B$2:$B$101,A14)=0,"SUELTA",IF(COUNTIF(Producción!$B$2:$B$101,A14)>1,"DUPLICADA",IF(INDEX(Producción!$E$2:$E$101,MATCH(A14,Producción!$B$2:$B$101,0))="","SUELTA",TEXT(INDEX(Producción!$A$2:$A$101,MATCH(A14,Producción!$B$2:$B$101,0)),"0000"))))) -> 0022 | F14: TQT-R2-V30-0023 | I14: =IF(F14="","",IF(COUNTIF(Producción!$E$2:$E$101,F14)=0,"SUELTA",IF(COUNTIF(Producción!$E$2:$E$101,F14)>1,"DUPLICADA",IF(INDEX(Producción!$B$2:$B$101,MATCH(F14,Producción!$E$2:$E$101,0))="","SUELTA",TEXT(INDEX(Producción!$A$2:$A$101,MATCH(F14,Producción!$E$2:$E$101,0)),"0000"))))) -> 0023 | K14: TQT-R3-V30-0022 | M14: =IF(K14="","",IF(COUNTIF(Producción!$H$2:$H$101,K14)=0,"DISPONIBLE",IF(COUNTIF(Producción!$H$2:$H$101,K14)>1,"DUPLICADA",INDEX(Producción!$A$2:$A$101,MATCH(K14,Producción!$H$2:$H$101,0))))) -> DISPONIBLE | O14: TQT-R3-V30-0022
A15: TQT-R1-V30-0023 | D15: =IF(A15="","",IF(COUNTIF(Producción!$B$2:$B$101,A15)=0,"SUELTA",IF(COUNTIF(Producción!$B$2:$B$101,A15)>1,"DUPLICADA",IF(INDEX(Producción!$E$2:$E$101,MATCH(A15,Producción!$B$2:$B$101,0))="","SUELTA",TEXT(INDEX(Producción!$A$2:$A$101,MATCH(A15,Producción!$B$2:$B$101,0)),"0000"))))) -> 0023 | F15: TQT-R2-V30-0024 | I15: =IF(F15="","",IF(COUNTIF(Producción!$E$2:$E$101,F15)=0,"SUELTA",IF(COUNTIF(Producción!$E$2:$E$101,F15)>1,"DUPLICADA",IF(INDEX(Producción!$B$2:$B$101,MATCH(F15,Producción!$E$2:$E$101,0))="","SUELTA",TEXT(INDEX(Producción!$A$2:$A$101,MATCH(F15,Producción!$E$2:$E$101,0)),"0000"))))) -> 0024 | K15: TQT-R3-V30-0023 | M15: =IF(K15="","",IF(COUNTIF(Producción!$H$2:$H$101,K15)=0,"DISPONIBLE",IF(COUNTIF(Producción!$H$2:$H$101,K15)>1,"DUPLICADA",INDEX(Producción!$A$2:$A$101,MATCH(K15,Producción!$H$2:$H$101,0))))) -> DISPONIBLE | O15: TQT-R3-V30-0023
... A102: TQT-R1-V30-0130 | D102: =IF(A102="","",IF(COUNTIF(Producción!$B$2:$B$101,A102)=0,"SUELTA",IF(COUNTIF(Producción!$B$2:$B$101,A102)>1,"DUPLICADA",IF(INDEX(Producción!$E$2:$E$101,MATCH(A102,Producción!$B$2:$B$101,0))="","SUELTA",TEXT(INDEX(Producción!$A$2:$A$101,MATCH(A102,Producción!$B$2:$B$101,0)),"0000"))))) -> 0130 | F102: TQT-R2-V30-0118 | I102: =IF(F102="","",IF(COUNTIF(Producción!$E$2:$E$101,F102)=0,"SUELTA",IF(COUNTIF(Producción!$E$2:$E$101,F102)>1,"DUPLICADA",IF(INDEX(Producción!$B$2:$B$101,MATCH(F102,Producción!$E$2:$E$101,0))="","SUELTA",TEXT(INDEX(Producción!$A$2:$A$101,MATCH(F102,Producción!$E$2:$E$101,0)),"0000"))))) -> 0118 | K102: TQT-R3-V30-0112 | M102: =IF(K102="","",IF(COUNTIF(Producción!$H$2:$H$101,K102)=0,"DISPONIBLE",IF(COUNTIF(Producción!$H$2:$H$101,K102)>1,"DUPLICADA",INDEX(Producción!$A$2:$A$101,MATCH(K102,Producción!$H$2:$H$101,0))))) -> DISPONIBLE | O102: TQT-R3-V30-0112
